110.4,271,279,72,198239,703,1941,1045,333,1787,99.5 
110.2,398,42,48,199994,738,1856,1800,615,1814,100.1 
110.0,125,174,34,201457,786,1681,2207,893,1718,99.9 
109.5,230,205,42,203639,718,1781,2206,774,1648,100.5 
109.0,75,147,67,206951,700,1834,2232,756,1701,100.7 
108.6,205,263,78,210991,674,1807,1979,684,1789,101.6 
108.8,267,240,71,209302,677,1822,1891,604,1871,100.9 
108.8,190,131,162,205464,696,1774,1842,558,1781,100.4 
108.9,107,360,49,203206,688,1862,1683,520,1809,100.7 
108.9,147,225,96,203693,804,1846,1831,476,1656,100.5 
108.8,226,329,130,199745,799,1924,1623,486,1582,100.7 
108.5,146,427,105,198774,779,1795,1790,504,1704,101.2 
108.8,416,191,40,196930,781,1714,1719,513,1695,101.1 
109.4,221,334,95,195697,755,1879,1855,697,1670,102.8 
110.1,102,231,104,195928,820,1792,1755,528,1822,103.3 
110.6,184,133,142,195927,766,1860,1905,593,1836,103.7 
111.5,137,227,123,196025,732,1826,1792,585,1885,104.0 
111.9,208,287,196,193561,752,1933,1836,578,1860,104.5 
112.6,85,370,96,198261,811,1973,1843,521,1896,104.6 
112.6,178,252,137,198672,838,1882,1923,533,1880,105.0 
112.4,157,319,39,199831,836,1910,1752,408,1837,105.6 
113.0,160,251,69,200728,797,1961,1938,508,1829,106.5 
112.4,142,200,77,203327,789,1923,1978,540,1858,107.3 
112.2,191,418,137,205177,754,1859,1855,461,1855,107.9 
111.7,56,212,82,205512,841,1901,1669,358,1914,109.5 
111.2,118,112,113,204006,825,1787,1928,442,1896,109.7 
110.6,197,142,35,203747,849,1814,1929,451,1802,110.3 
110.3,163,205,253,199751,674,1718,1874,433,1790,110.9 
109.9,201,147,157,197484,721,1648,1720,446,1712,111.4 
109.8,53,204,82,193695,720,1701,1743,436,1684,113.0 
109.3,260,364,73,190575,804,1789,1935,547,1750,115.7 
109.9,171,211,230,189078,743,1871,1850,517,1713,116.1 
110.6,150,189,72,186197,888,1781,1868,456,1874,116.5 
110.6,215,128,91,187035,710,1809,1923,600,1777,116.1 
110.9,301,203,57,185563,781,1656,1832,454,1768,115.6 
111.5,243,93,87,187167,695,1582,1928,562,1752,115.0 
111.9,125,232,226,189628,730,1704,1830,487,1790,114.0 
112.2,339,228,111,194289,665,1695,1929,545,1823,112.9 
112.1,436,234,94,195544,631,1670,1674,520,1837,112.0 
111.7,221,150,48,197648,676,1822,1751,473,1700,111.4 
111.7,88,51,103,196796,700,1836,1878,459,1671,110.6 
111.7,145,183,119,196969,707,1885,1826,468,1656,110.7 
111.4,199,144,195,197561,786,1860,1741,412,1737,112.1 
111.0,495,169,152,197629,686,1896,1726,401,1696,112.3 
111.8,329,191,52,196540,728,1880,1872,534,1771,112.2 
111.8,156,53,136,197638,743,1837,1963,460,1898,111.3 
111.9,313,60,193,196590,816,1829,1812,536,1927,108.2 
112.4,305,152,157,199440,798,1858,1922,505,1855,107.5 
112.3,105,99,77,198579,725,1855,1849,515,1742,106.4 
112.4,232,87,158,201916,760,1914,1928,519,1756,105.6 
113.0,177,175,147,201609,787,1896,1752,518,1851,104.4 
114.1,253,80,9,204930,709,1802,1865,504,1717,106.3 
114.8,209,94,82,210220,696,1790,1974,578,1732,107.0 
114.6,258,51,221,216176,643,1712,1998,498,1738,106.2 
115.2,272,96,28,217925,703,1684,1881,543,1683,106.8 
114.4,228,158,123,217464,642,1750,1836,457,1664,106.8 
113.6,356,85,152,217934,743,1713,1833,532,1740,106.2 
113.0,338,167,39,220625,726,1874,2018,590,1609,105.8 
113.4,367,117,173,218239,703,1777,1956,577,1686,105.2 
115.1,382,168,144,218785,596,1768,1989,563,1673,106.0 
116.4,199,87,59,219852,564,1752,1794,516,1708,106.3 
117.5,198,145,253,218013,647,1790,1776,564,1571,105.6 
117.3,261,153,289,214200,667,1823,1762,528,1549,105.5 
117.2,175,91,141,215334,746,1837,1939,569,1576,106.3 
121.0,304,107,162,214760,739,1700,1951,597,1500,107.7 
122.2,231,104,150,210823,710,1671,1876,494,1543,109.4 
124.9,115,281,256,210377,780,1703,1896,435,1581,111.0 
130.5,173,172,141,211207,746,1750,1895,509,1566,113.3 
130.4,242,275,225,212209,780,1728,2071,496,1611,114.1 
128.5,224,232,133,212269,837,1829,2019,486,1719,116.4 
129.2,154,390,237,216119,888,1936,2077,408,1638,117.3 
128.5,167,260,105,213223,870,2042,2060,458,1715,119.1 
127.4,342,282,105,215208,927,2026,2150,432,1718,119.3 
125.4,283,233,79,218181,833,1934,2101,353,1841,119.4 
124.0,132,375,216,219566,818,1986,2235,469,1754,119.0 
121.5,346,374,240,220053,811,2042,2232,504,1694,118.3 
119.3,175,381,176,222740,824,1989,2217,423,1773,117.7 
117.9,494,267,111,222381,770,1967,2449,503,1693,116.9 
117.2,452,236,276,218243,892,1965,2359,570,1791,115.9 
117.3,237,304,314,221489,786,1881,2153,452,1800,114.8 
117.8,277,221,335,218840,841,1865,2224,490,1694,113.8 
118.4,108,262,129,219060,872,1939,2139,456,1735,112.6 
117.8,358,234,170,215752,792,1870,2126,383,1669,112.4 
118.4,397,228,203,212407,1020,1848,2302,497,1719,112.1 
119.1,243,155,314,210064,870,1893,2119,469,1748,112.2 
120.6,215,209,109,208848,966,1910,2149,416,1759,111.3 
122.2,316,77,193,209179,958,1798,2160,436,1746,111.1 
123.1,457,115,120,207008,863,1743,2223,498,1730,110.7 
125.0,140,148,134,205691,862,1742,2232,457,1807,110.6 
127.6,132,147,154,208649,877,1663,2296,506,1732,110.6 
127.7,356,212,287,207493,775,1712,2201,445,1782,110.0 
128.9,261,252,77,207114,926,1751,2207,524,1633,109.2 
130.8,186,215,49,199486,886,1820,2282,466,1551,108.1 
132.6,204,19,150,201383,856,1777,2317,578,1608,107.3 
132.9,265,159,172,199734,750,1876,2197,521,1632,106.2 
132.9,225,385,158,200204,833,1868,2240,594,1686,106.0 
132.3,276,274,65,201825,837,1933,2401,634,1695,105.9 
131.6,105,300,226,206343,894,1926,2400,572,1746,105.6 
132.4,81,232,322,205683,852,2054,2217,540,1788,105.7 
132.7,313,231,123,205697,827,1967,2264,502,1747,105.8 
132.3,263,253,31,208189,921,1894,2195,491,1655,105.7 
132.0,348,269,164,210252,921,1997,2315,614,1665,107.2 
130.7,323,209,63,208330,869,1919,2100,536,1693,107.5 
130.0,373,212,176,209868,961,1994,2206,583,1634,107.7 
129.5,180,258,68,210839,763,1947,2295,523,1712,108.6 
129.1,247,52,115,217574,883,1890,2323,608,1637,109.2 
129.6,261,156,123,221987,824,1949,2177,559,1647,108.4 
129.3,417,145,72,220885,897,1901,2207,577,1567,107.9 
128.3,411,140,194,223083,932,1881,2329,564,1607,107.6 
128.8,246,189,184,228189,901,1978,2216,583,1613,107.3 
128.5,426,99,111,226045,853,1997,2246,570,1767,107.8 
127.8,123,98,148,229300,860,2000,2091,490,1678,109.9 
126.9,201,75,144,227413,813,1946,2232,540,1600,111.5 
125.2,270,82,169,226726,799,2054,2191,515,1554,111.6 
123.0,529,186,148,222905,921,2007,2257,522,1498,112.8 
122.0,363,99,109,219788,917,2040,2122,483,1637,115.8 
122.0,335,147,160,214520,937,1861,1944,498,1546,117.2 
122.5,100,198,109,214306,866,1795,2350,638,1594,119.5 
121.7,112,223,86,217386,893,1855,2222,577,1688,123.4 
121.6,140,244,150,216866,890,1866,2147,523,1562,124.3 
121.1,306,260,190,214741,843,1928,2144,600,1609,125.7 
120.5,204,363,318,218406,845,1971,2066,552,1688,125.9 
120.5,320,399,262,222885,919,2028,2317,604,1657,126.2 
119.1,211,193,138,221972,819,2101,2112,535,1631,126.9 
119.1,103,281,74,221589,867,2005,2392,651,1683,126.0 
119.6,566,347,273,223026,771,1871,2367,521,1685,125.2 
119.0,393,118,18,226048,826,1949,2427,696,1699,124.7 
118.7,459,145,207,221080,907,1937,2428,641,1742,124.1 
117.2,326,139,110,220647,867,1889,2409,577,1775,123.0 
116.2,389,227,178,217966,824,2029,2576,778,1772,121.9 
115.3,374,276,94,214637,774,1895,2366,591,1768,121.7 
115.9,320,78,133,211022,830,1897,2441,706,1690,121.5 
115.2,193,55,192,208902,780,1785,2423,625,1749,121.5 
114.7,344,221,241,205424,787,1857,2540,687,1677,120.9 
114.5,246,174,97,204179,771,1866,2639,744,1685,119.9 
115.5,543,256,204,201096,683,2001,2647,776,1692,119.6 
116.8,303,197,352,202026,683,1928,2600,667,1714,119.9 
116.7,282,176,42,202168,763,1854,2530,637,1713,120.1 
116.9,659,193,336,200462,721,1801,2284,477,1637,119.3 
116.5,619,82,38,198532,790,1748,2576,596,1517,120.1 
116.3,351,220,151,200464,693,1874,2502,662,1722,120.3 
115.6,294,127,175,201304,688,1782,2506,629,1682,120.3 
115.4,443,190,106,199923,716,1827,2486,732,1633,119.9 
116.0,515,125,74,201114,718,1959,2525,609,1536,119.1 
117.5,401,297,219,203234,752,1820,2547,543,1492,120.3 
118.5,265,190,27,202656,882,1855,2461,609,1579,120.5 
118.5,410,177,201,199785,675,1933,2497,629,1598,121.7 
118.5,536,269,175,197816,786,1923,2405,547,1682,122.5 
118.8,275,40,255,195514,746,1861,2450,604,1585,122.9 
119.0,217,197,56,191450,781,1924,2488,691,1745,123.8 
119.5,284,110,106,190202,779,1905,2716,733,1846,124.6 
119.3,284,198,232,191068,789,1916,2618,656,1763,124.2 
118.9,371,249,102,196648,650,1962,2382,585,1779,124.1 
117.4,311,216,209,195581,785,2027,2430,581,1689,123.3 
116.2,251,118,138,194295,732,1992,2571,656,1689,122.7 
115.5,158,133,236,192797,686,2005,2458,618,1684,122.4 
115.0,213,254,122,191997,801,1921,2455,547,1657,122.0 
114.7,471,176,132,194173,799,1979,2322,522,1616,123.5 
112.6,168,187,97,198240,806,1918,2465,524,1717,123.6 
110.9,356,262,299,200815,820,1913,2450,606,1732,123.2 
109.6,131,268,123,201447,764,1928,2533,613,1629,123.0 
109.1,428,247,188,200937,863,1961,2473,663,1700,122.7 
108.5,450,115,88,199593,732,1953,2701,672,1681,122.0 
108.2,296,217,206,196688,916,1877,2533,603,1675,121.7 
107.9,446,300,94,196523,850,1749,2429,630,1639,120.8 
107.4,385,305,279,200970,994,1940,2321,569,1586,119.9 
106.6,306,112,190,198819,974,1914,2201,561,1554,119.1 
105.7,351,226,135,199255,905,1856,2350,652,1568,119.6 
104.9,340,326,249,201120,865,1741,2304,653,1581,119.1 
106.8,292,234,85,203808,880,1742,2381,680,1587,119.2 
106.7,216,128,136,203566,811,1831,2375,663,1501,118.7 
106.5,135,237,172,202022,979,1818,2333,619,1470,118.8 
106.5,126,171,206,200684,897,1917,1920,536,1514,118.5 
107.0,141,262,141,202506,900,1827,2252,595,1540,118.2 
107.2,840,167,238,200770,804,1987,2337,574,1666,118.2 
107.5,368,169,195,202479,916,2091,2691,703,1681,119.5 
106.9,297,427,81,203561,864,2001,2618,552,1705,120.4 
106.0,430,214,349,201075,931,1999,2614,718,1761,120.6 
105.3,520,200,99,201348,919,1901,2566,672,1652,119.8 
104.5,305,96,208,202699,877,1946,2512,655,1721,118.9 
104.0,200,216,109,202768,856,1904,2476,597,1756,117.9 
103.3,262,289,120,204280,785,1855,2385,571,1717,117.1 
103.4,287,229,99,204522,837,1834,2591,565,1700,116.9 
103.6,334,65,215,205147,799,1953,2551,637,1788,116.5 
103.1,319,118,173,205638,813,1968,2560,585,1749,117.0 
102.7,230,35,179,206907,853,1874,2567,627,1597,116.4 
102.0,260,231,228,206253,895,1907,2472,652,1652,118.5 
101.6,672,167,108,204582,1052,1918,2509,581,1757,121.9 
101.0,190,46,106,202442,930,1923,2597,660,1675,121.8 
100.7,415,142,243,201200,938,1891,2618,685,1697,123.0 
100.4,437,192,128,196372,1034,1805,2604,677,1760,122.9 
100.0,439,107,85,195498,944,1785,2604,649,1844,122.7 
100.9,727,89,155,191795,970,1819,2508,571,1785,121.9 
101.9,258,250,26,187566,887,1798,2536,619,1740,120.8 
103.0,311,137,202,190559,1014,1832,2595,669,1806,119.5 
103.9,394,160,50,195621,908,1755,2510,646,1772,119.5 
104.1,321,79,345,195840,1111,1671,2438,726,1782,118.7 
104.1,474,248,196,193261,959,1752,2596,632,1712,117.8 
103.6,402,67,180,192240,908,1766,2502,604,1724,116.8 
103.6,394,106,164,188097,1151,1920,2475,581,1652,116.3 
103.5,122,187,104,186147,970,1931,2639,687,1673,116.4 
103.4,257,91,222,189003,1150,1942,2601,569,1619,115.6 
102.6,388,95,100,188941,924,2018,2519,696,1800,115.0 
101.2,237,128,272,191190,1083,1874,2429,556,1678,114.0 
100.4,314,188,123,195234,988,1978,2338,593,1732,112.8 
98.6,418,205,257,196568,1137,1989,2449,597,1802,111.8 
97.2,252,395,204,198983,970,1957,2358,643,1821,110.8 
96.8,360,167,158,196401,1024,1931,2600,721,1794,109.9 
96.6,277,188,158,193771,990,2065,2556,695,1869,108.9 
96.5,192,196,27,195663,1001,1999,2562,667,1832,108.3 
96.7,263,210,306,198713,1082,1835,2421,637,1814,107.2 
97.0,268,205,127,200703,964,1946,2608,741,1769,105.5 
96.4,379,439,139,205882,1147,2028,2442,594,1826,105.1 
96.2,185,179,306,203783,1055,1927,2563,746,1768,104.5 
96.2,271,136,170,202920,971,1937,2641,640,1793,103.2 
95.9,204,250,162,204595,1054,2015,2571,639,1693,103.8 
95.3,360,246,260,204546,1088,2083,2441,584,1587,102.5 
95.6,103,538,121,203021,1025,2052,2463,633,1676,101.7 
96.4,352,200,276,201582,956,1981,2352,600,1682,100.6 
100.0,258,106,168,198193,1120,2054,2388,645,1663,99.8 
101.8,166,223,290,196272,1194,2051,2255,593,1675,102.6 
104.6,207,321,93,193035,1062,2041,2336,616,1600,102.3 
107.5,285,317,383,193855,974,1977,2298,546,1620,101.8 
108.4,179,345,263,192831,938,1997,2379,602,1573,102.1 
108.0,158,194,281,193913,957,1959,2520,670,1604,103.2 
107.8,376,402,192,198975,914,1922,2328,601,1650,103.8 
107.8,258,296,159,200025,857,1888,2382,519,1603,105.2 
108.3,397,281,177,204069,907,2090,2427,636,1605,105.5 
107.5,215,332,157,203706,879,1949,2314,560,1652,105.2 
106.6,159,236,201,208032,966,2007,2566,591,1610,104.7 
106.5,183,261,138,210265,1019,2089,2437,563,1545,106.0 
105.9,424,463,288,216010,1031,2097,2609,605,1640,104.9 
106.8,292,233,138,219666,1033,2081,2731,659,1709,104.1 
108.2,173,233,143,220745,1074,2149,2583,689,1563,104.2 
108.7,208,403,162,221633,962,2057,2548,715,1535,104.1 
110.2,357,203,202,221549,991,2056,2732,642,1655,103.7 
111.4,287,257,114,217832,929,1993,2606,642,1700,104.4 
113.3,264,142,190,214521,921,2096,2699,678,1487,103.5 
113.7,277,322,103,211313,1057,1986,2430,655,1612,102.3 
114.6,175,221,87,207789,1044,2068,2723,762,1565,101.8 
115.6,257,187,441,204627,1016,1953,2626,605,1646,101.1 
117.8,260,284,204,202069,986,1842,2441,644,1636,100.4 
118.6,206,188,148,195874,822,1909,2536,547,1647,99.8 
119.4,499,496,153,194690,838,1934,2494,642,1621,99.1 
119.8,210,226,195,195380,912,1910,2522,650,1645,98.7 
120.9,330,167,113,192331,993,1933,2492,613,1546,99.9 
122.6,614,245,115,200823,967,1861,2510,660,1516,99.9 
122.6,406,449,86,203912,1081,1850,2654,687,1619,100.6 
123.4,436,364,86,206117,1090,1911,2593,670,1618,101.0 
122.8,661,178,137,208339,1081,1858,2616,644,1676,100.7 
122.4,252,200,119,208908,1031,1892,2577,625,1643,100.1 
122.6,757,266,205,208308,946,1844,2551,564,1688,99.7 
122.9,397,382,110,206944,1048,1862,2554,609,1623,99.4 
123.4,942,147,229,205335,978,1981,2646,625,1746,98.1 
126.1,246,321,181,206682,1085,1873,2853,776,1753,97.1 
128.9,325,257,193,207701,1007,1813,2646,727,1734,95.4 
130.4,754,354,143,212099,1039,1901,2591,603,1797,93.3 
129.4,329,186,192,211201,1005,1983,2458,602,1805,92.3 
128.8,168,289,168,210320,1051,1860,2605,634,1679,92.1 
128.7,439,298,176,207036,1105,1833,2509,645,1611,91.4 
129.8,495,139,126,207914,1113,1958,2584,600,1724,91.3 
130.9,476,327,110,207726,1062,2000,2438,579,1639,92.0 
130.7,491,231,119,210500,996,1789,2729,694,1672,92.1 
130.7,285,219,272,214055,1153,1907,2718,657,1538,91.3 
141.8,567,323,21,216656,1107,1877,2524,667,1657,90.8 
143.9,389,155,59,216355,1144,1950,2537,579,1609,90.7 
147.0,633,111,67,217358,1159,1929,2625,608,1638,89.9 
145.6,470,379,228,216883,1109,1957,2771,656,1563,88.5 
145.6,452,270,253,215753,1040,1913,2607,640,1523,89.1 
146.1,483,230,54,212674,1104,1940,2485,659,1472,90.0 
149.0,372,186,199,211544,1177,1814,2442,637,1432,95.8 
149.6,369,381,172,209080,976,1805,2496,603,1380,99.9 
147.9,189,294,352,207157,1098,1924,2268,499,1431,105.5 
145.1,388,211,52,211521,1050,1917,2345,578,1412,108.7 
144.2,292,257,135,212602,1054,1961,2337,586,1536,110.7 
141.9,200,157,168,211127,981,1953,2372,635,1575,110.3 
139.8,371,321,128,210555,1066,1947,2423,627,1493,109.9 
142.8,365,334,88,211946,1120,1887,2454,649,1576,110.7 
141.8,195,371,234,214108,1157,2074,2492,655,1531,110.9 
140.2,328,535,137,217207,1077,2032,2621,652,1607,111.2 
141.5,212,369,143,216094,1102,1987,2626,619,1653,110.1 
143.2,437,337,47,218100,1180,2128,2652,587,1627,108.8 
143.1,164,296,146,215916,1024,2096,2699,618,1787,109.2 
141.9,114,272,77,214362,1202,2007,2634,719,1760,108.8 
141.1,234,255,130,215229,1072,1903,2451,628,1629,110.5 
142.3,514,467,222,216405,1059,2054,2746,719,1704,109.5 
143.2,110,226,133,216434,943,1912,2699,627,1730,111.0 
145.3,570,266,124,214720,1103,1997,2516,657,1556,112.3 
144.9,181,250,212,213232,1046,1856,2537,688,1735,114.8 
143.5,254,342,141,212591,1128,1981,2510,661,1690,117.2 
142.4,102,365,229,211591,1127,1878,2530,633,1714,117.2 
140.8,384,485,182,212470,1108,1914,2629,669,1724,118.3 
141.0,117,254,199,207965,1112,1861,2599,636,1742,121.4 
144.7,438,417,180,208743,1082,1807,2451,514,1727,121.2 
147.1,540,307,130,206761,1147,1743,2522,592,1804,121.4 
153.6,272,278,150,205330,1078,1710,2623,634,1773,122.3 
160.9,354,302,255,205598,983,1688,2478,596,1654,123.4 
162.9,231,329,106,204987,1079,1722,2709,684,1685,125.2 
165.3,381,345,199,207222,1066,1692,2515,679,1808,124.8 
165.7,298,358,223,208421,988,1830,2583,605,1683,124.2 
162.5,477,421,167,205280,974,1891,2812,701,1739,123.4 
161.4,321,234,187,198979,1010,1801,2677,637,1755,122.0 
167.0,371,289,148,195357,1174,1906,2526,621,1604,122.5 
164.8,514,350,240,194311,1152,1846,2610,664,1631,121.8 
162.9,617,303,132,192146,1122,1887,2492,600,1661,122.2 
161.0,530,321,124,194044,1030,1990,2677,670,1595,124.0 
160.3,476,320,236,193499,1051,1965,2724,644,1643,125.8 
162.7,444,251,208,197419,1047,2048,2542,608,1683,126.2 
164.5,552,345,145,199962,1023,2051,2495,556,1686,126.0 
162.2,126,321,248,203240,1161,1925,2620,653,1742,126.3 
157.7,155,467,249,203149,960,2005,2611,652,1729,125.7 
154.5,795,288,102,205370,1178,2021,2580,693,1626,126.3 
151.5,226,324,372,204956,1005,1846,2631,664,1701,126.0 
152.2,255,143,156,209828,1119,2025,2605,648,1606,125.2 
152.0,498,193,147,215582,1098,1946,2550,698,1648,126.8 
150.9,498,335,106,216270,1071,1977,2697,752,1481,130.7 
152.8,440,203,290,212980,1084,1982,2906,905,1570,130.7 
153.9,419,303,188,209613,1082,2045,2771,766,1523,131.9 
152.0,839,307,299,212649,1042,2000,2666,672,1513,135.0 
151.8,537,331,69,211206,1091,2085,2603,661,1582,140.0 
148.0,663,261,239,208095,1026,2043,2375,611,1587,141.3 
145.1,478,176,291,206086,970,1972,2434,583,1514,149.0 
142.0,531,265,229,202008,1004,1949,2493,757,1543,151.1 
140.6,641,397,112,201083,1003,2115,2483,690,1535,150.8 
139.2,386,404,163,198977,1103,1974,2355,651,1529,148.4 
137.9,278,418,289,200721,1172,2017,2360,658,1569,147.8 
139.1,319,564,190,202182,999,2066,2443,752,1552,144.7 
139.7,308,382,114,201947,983,1886,2626,753,1585,141.5 
143.7,222,295,214,201174,1079,1918,2495,688,1640,140.6 
144.3,546,482,186,205592,1069,1937,2573,761,1697,138.6 
144.2,447,559,209,207794,1008,1884,2345,568,1646,142.7 
147.0,567,144,53,208644,966,1937,2459,658,1727,146.6 
149.1,647,558,176,208377,1074,1956,2520,558,1644,149.4 
149.4,392,394,107,205034,1118,1991,2726,680,1688,150.9 
152.9,592,391,160,207281,1140,2047,2764,685,1695,153.5 
151.4,490,290,36,209853,1040,2017,2695,649,1714,160.7 
148.6,570,307,168,209124,1067,1938,2571,518,1697,166.4 
148.0,369,394,245,208204,996,2002,2884,687,1770,164.1 
144.7,595,590,141,204960,1036,1851,2696,559,1691,160.6 
140.7,309,612,109,205486,1091,1927,2598,524,1914,157.1 
139.2,479,449,294,209422,996,1762,2933,729,1828,152.1 
138.0,329,256,305,207820,1014,1868,2859,687,1811,149.9 
134.8,337,309,116,204496,966,1832,2643,693,1757,144.7 
134.7,676,446,233,201784,993,1789,2599,563,1721,143.7 
134.5,314,191,424,198147,1075,1872,2827,695,1735,142.0 
136.7,573,297,299,196850,1070,1858,2876,834,1704,144.4 
139.4,460,291,196,191179,1014,1812,2691,596,1700,145.6 
145.2,334,484,146,191898,1168,1841,2735,560,1551,150.2 
148.8,327,360,108,192579,1132,1821,2512,592,1605,153.5 
149.2,425,306,235,195322,1137,1803,2598,580,1557,153.9 
152.7,571,233,196,196822,1084,1882,2548,578,1734,152.5 
147.3,300,234,221,199174,1089,1842,2432,491,1670,149.8 
139.0,491,233,146,197986,1065,1875,2549,474,1731,147.3 
137.1,588,369,244,194579,1182,1904,2472,480,1637,151.6 
135.3,602,182,99,195986,1151,1979,2452,536,1695,153.2 
131.8,362,218,131,193809,1193,1929,2446,599,1692,152.3 
131.0,347,288,209,191334,1139,1996,2493,572,1667,150.2 
129.1,538,327,119,192267,1156,1923,2489,636,1618,150.1 
126.9,464,244,319,192194,1220,1934,2518,550,1596,148.7 
125.2,481,376,176,193653,1166,1923,2564,704,1649,148.9 
122.3,575,286,222,197110,1107,1972,2608,683,1714,146.4 
119.4,166,174,368,200472,1158,1977,2541,642,1666,142.5 
117.3,387,267,188,202377,1076,2015,2593,607,1647,139.6 
114.3,503,346,88,202987,938,1959,2852,818,1653,138.8 
115.4,408,182,241,203619,937,2174,2672,699,1640,137.7 
116.9,440,214,234,206308,1035,2116,2505,659,1565,140.0 
116.8,374,318,200,208416,978,2069,2602,605,1622,145.8 
115.9,302,232,236,209484,1078,2025,2694,683,1720,145.6 
114.0,529,285,262,206040,1112,1984,2457,598,1630,144.6 
114.4,375,311,129,205593,1074,1994,2527,675,1650,142.6 
114.4,540,243,169,204417,1109,1985,2436,575,1660,146.0 
115.3,440,436,303,205023,1041,1978,2577,606,1656,142.9 
115.6,537,413,319,203378,1007,1810,2448,538,1706,141.0 
115.4,180,272,220,202014,1005,1876,2518,656,1580,139.3 
117.3,387,440,210,200420,974,1813,2426,596,1612,138.7 
121.6,544,572,269,199626,1058,2036,2587,710,1599,137.7 
125.1,562,297,178,199523,1139,1968,2536,664,1624,137.9 
128.1,204,588,226,200885,988,1979,2539,656,1588,141.1 
129.5,335,539,154,200057,896,1902,2427,633,1602,146.9 
132.3,352,474,202,197451,963,1959,2586,667,1679,153.5 
132.0,621,643,233,199083,973,1961,2775,752,1614,158.6 
130.4,429,319,233,199958,980,1914,2581,708,1748,158.5 
130.2,400,321,260,203996,1112,1883,2539,675,1737,165.9 
130.5,738,398,200,202450,1014,1856,2492,650,1728,166.3 
129.9,329,386,202,203674,1116,1893,2772,723,1755,163.7 
130.9,335,356,179,203017,1127,1998,2582,586,1761,165.6 
130.8,470,402,173,204279,1286,1949,2621,586,1750,163.0 
130.0,147,397,212,206432,1139,1935,2621,624,1763,158.0 
128.6,430,324,320,205943,1029,1983,2714,687,1744,152.6 
127.5,318,454,372,205134,988,1912,2729,729,1824,145.4 
128.1,269,428,147,205148,907,1779,2641,580,1758,138.4 
128.9,282,580,85,206108,943,1878,2658,635,1628,135.0 
129.4,361,361,325,205903,1142,2015,2751,712,1619,133.0 
130.0,212,447,164,208420,1044,1964,2638,689,1727,131.8 
131.1,330,685,236,207651,1034,1849,2588,632,1628,131.9 
130.3,435,431,151,210108,1051,1949,2508,585,1739,131.9 
130.4,498,397,257,208296,1138,1883,2570,631,1684,134.7 
130.3,604,400,416,205742,1094,1997,2641,635,1681,139.9 
133.3,355,414,225,205743,1085,1842,2602,640,1652,148.0 
137.0,662,363,183,206552,1137,1894,2617,597,1663,153.8 
138.8,543,607,198,204073,987,1881,2624,619,1685,151.1 
139.6,485,198,398,202493,1038,1897,2528,651,1653,151.6 
141.4,403,440,211,199654,948,1871,2703,586,1773,146.0 
141.7,530,365,183,198846,1047,1857,2683,628,1714,138.1 
143.8,328,360,181,199429,1025,1929,2667,596,1697,131.0 
146.0,447,488,251,200616,1120,1881,2448,487,1758,126.4 
146.1,451,202,399,199883,893,2020,2482,512,1700,122.1 
146.9,427,396,269,201163,1097,1988,2586,564,1676,119.3 
145.6,357,262,277,201677,968,1990,2473,503,1597,117.0 
144.2,455,333,92,201270,863,2011,2628,649,1582,114.7 
142.7,488,276,265,200879,1104,2023,2715,604,1610,114.0 
140.5,508,112,228,202741,1134,2014,2501,656,1764,109.7 
140.5,264,314,281,205741,1037,2026,2621,682,1685,108.4 
140.7,282,560,175,208096,1008,2022,2490,616,1717,107.5 
140.5,219,241,135,209616,1033,2126,2598,677,1714,104.2 
140.1,313,346,187,211381,1240,2040,2697,708,1756,106.3 
144.0,395,411,348,212251,964,1909,2533,580,1699,109.6 
149.1,451,306,247,214327,1158,1870,2643,624,1832,110.9 
150.1,254,272,184,215333,1109,2001,2732,638,1813,109.9 
147.8,172,214,364,216969,1025,1887,2680,657,1774,108.7 
148.0,180,279,165,214712,1038,1973,2671,654,1736,108.1 
149.2,344,205,282,216342,805,1944,2748,663,1769,109.8 
154.2,165,400,158,216757,871,1946,2812,681,1681,108.5 
166.2,396,525,469,221678,867,1896,2869,770,1607,108.9 
170.4,258,225,122,223510,924,1935,2853,830,1597,108.7 
170.9,314,391,184,224483,933,1926,2686,729,1620,111.8 
175.3,479,439,152,224282,995,1953,2707,750,1525,119.4 
177.1,354,504,195,221352,1162,2013,2692,670,1456,126.2 
175.2,339,449,225,217293,1122,1986,2324,574,1481,130.8 
166.2,185,311,258,214358,1094,1956,2645,731,1550,133.9 
160.2,327,274,171,212252,1094,2021,2680,766,1708,138.2 
155.4,169,539,230,213100,1003,1969,2472,576,1712,136.8 
153.9,522,395,75,211636,981,1931,2605,639,1762,136.7 
152.9,264,488,254,211306,1333,1859,2639,725,1762,135.3 
150.8,257,455,197,213507,1221,1838,2532,671,1829,135.6 
148.4,184,494,185,213694,1168,1867,2648,645,1773,134.9 
144.4,133,292,259,214765,1085,1997,2617,670,1733,136.0 
144.3,211,,185,,1132,1971,2803,724,1639,134.8 
143.4,100,,279,,927,1957,2578,640,1644,135.3 
142.3,146,,190,,989,1973,2800,658,1650,133.2 
142.2,251,,281,,928,2038,2744,698,1738,133.5 
143.2,106,,254,,1006,2018,2911,705,1765,134.2 
142.3,272,,139,,935,2107,2790,701,1642,135.7 
142.0,410,,253,,990,2049,2760,656,1703,134.5 
142.8,416,,348,,970,2027,2864,710,1732,136.1 
143.5,236,,222,,1129,2000,2816,736,1677,138.1 
143.9,448,,218,,977,2009,2785,636,1753,137.6 
143.8,417,,257,,949,1939,2810,634,1808,135.5 
145.3,566,,310,,985,1871,2785,683,1703,135.5 
149.2,464,,227,,1005,1855,2832,635,1752,135.7 
149.8,265,,256,,1059,1872,2839,684,1800,136.5 
150.3,513,,202,,1098,1794,2896,864,1712,135.3 
150.1,474,,199,,1072,1722,2725,754,1818,135.5 
148.8,285,,293,,1050,1749,2636,618,1714,136.7 
147.1,642,,273,,1152,1816,2764,756,1748,135.7 
144.4,395,,195,,1002,1929,2718,674,1701,138.5 
142.9,308,,204,,989,1945,2820,653,1637,141.6 
144.5,319,,243,,1053,2029,2665,581,1631,142.2 
148.3,127,,169,,1048,2052,2754,716,1641,144.3 
150.2,295,,267,,1162,2072,2751,683,1680,142.7 
149.5,103,,369,,1017,2059,2574,638,1668,142.7 
148.1,220,,248,,1107,2000,2672,647,1734,140.6 
147.6,246,,212,,1144,1903,2894,738,1663,137.0 
148.1,246,,254,,1100,1928,2615,614,1783,133.6 
149.1,515,,386,,1004,1916,2900,772,1699,131.6 
147.6,322,,100,,1020,2019,2750,721,1672,131.6 
148.1,308,,228,,989,2041,2828,614,1611,132.2 
148.6,325,,351,,1111,1924,2542,603,1638,137.1 
150.4,369,,258,,995,1932,2585,556,1669,141.7 
150.2,191,,318,,1118,2045,2688,570,1707,141.2 
150.3,239,,217,,1157,1969,2464,476,1729,142.3 
155.1,324,,221,,1180,2027,2553,508,1578,142.2 
155.9,211,,370,,1134,2081,2745,601,1544,143.7 
159.1,102,,248,,1176,1981,2680,595,1515,149.9 
158.1,189,,179,,1204,2016,2676,586,1616,158.2 
156.8,336,,341,,1034,2064,2571,573,1632,163.0 
158.4,356,,165,,959,2007,2520,575,1556,161.7 
159.5,267,,176,,981,2066,2524,597,1553,164.1 
161.9,316,,136,,969,2027,2551,657,1594,166.3 
162.8,239,,201,,1130,2064,2686,629,1567,167.3 
161.7,408,,147,,1106,1990,2687,609,1576,162.6 
164.1,218,,142,,1216,1876,2951,725,1594,157.7 
164.2,226,,210,,1181,1924,2757,672,1596,155.7 
164.8,266,,159,,1120,1954,2930,776,1604,152.1 
167.9,63,,234,,1211,2006,2829,809,1573,150.4 
172.4,228,,211,,1223,1974,2808,754,1706,148.6 
171.8,223,,253,,1166,2058,2910,828,1647,144.1 
171.7,294,,167,,1088,1944,2939,762,1792,142.7 
174.5,219,,184,,1097,2101,2941,801,1618,144.4 
176.3,227,,226,,1137,2004,2996,837,1664,143.9 
176.1,287,,303,,1138,1989,2864,736,1746,142.8 
174.6,307,,159,,1182,1999,2897,748,1730,145.6 
173.4,274,,302,,1209,2008,2918,739,1679,148.0 
171.1,254,,235,,1242,2025,3185,872,1682,145.1 
170.0,57,,143,,1191,1969,2999,862,1739,144.3 
170.0,472,,219,,1106,2039,2981,764,1683,144.8 
171.6,318,,292,,1136,1941,3032,770,1777,148.9 
174.0,461,,292,,1001,1901,2843,786,1732,149.6 
174.4,469,,264,,1044,1835,2671,634,1730,148.8 
175.4,419,,201,,1229,1933,2748,635,1669,151.6 
178.0,686,,231,,1219,1963,2674,609,1636,155.0 
181.4,442,,289,,1073,1889,2842,675,1758,159.4 
182.5,311,,206,,1146,1890,2944,780,1585,169.3 
187.4,278,,361,,1139,1925,2667,681,1682,168.8 
187.1,389,,213,,1120,1896,2731,704,1570,165.3 
186.9,539,,196,,1094,1926,2767,672,1622,163.6 
187.4,402,,389,,1136,1937,2921,726,1598,158.0 
191.2,496,,140,,1201,1882,2847,742,1642,152.4 
201.2,419,,111,,1155,1925,3050,707,1562,151.1 
205.3,420,,320,,1126,1904,2880,708,1630,151.5 
209.2,561,,225,,1224,2064,2952,772,1617,152.7 
218.0,245,,250,,1202,1981,2894,728,1651,149.9 
221.2,353,,299,,1132,2163,2818,619,1701,149.4 
220.6,445,,174,,1114,1988,2801,713,1682,146.4 
216.3,254,,221,,1197,2042,2796,683,1758,145.9 
213.2,269,,239,,1061,2091,2824,652,1727,147.8 
211.6,186,,242,,1038,2071,2865,674,1822,145.4 
211.6,420,,210,,1020,2023,2957,743,1850,144.1 
206.9,377,,168,,1100,2056,3098,871,1653,143.3 
199.7,636,,171,,1101,2114,2942,723,1587,145.9 
198.4,455,,165,,1120,1996,2913,761,1711,145.4 
198.7,561,,266,,1354,2112,2918,708,1651,149.2 
195.7,576,,102,,1264,2071,2978,808,1689,154.4 
193.4,289,,86,,1118,2090,2905,710,1602,157.9 
195.2,450,,151,,1177,1986,2913,706,1685,160.4 
195.9,164,,212,,1154,1975,2866,714,1652,159.1 
199.2,113,,301,,1177,2114,2997,773,1655,160.9 
,425,,252,,1189,1935,3091,800,1782,161.7 
,130,,299,,1271,2041,3065,890,1752,164.1 
,257,,243,,1148,1881,2509,533,1689,166.4 
,244,,169,,1156,1939,2706,618,1709,169.0 
,363,,140,,1227,1947,2840,635,1684,167.5 
,241,,211,,1217,2005,2785,625,1650,169.8 
,292,,265,,1035,1887,2861,655,1601,171.6 
,129,,257,,1167,1954,2879,686,1596,173.7 
,314,,384,,1115,1948,2892,623,1568,174.0 
,157,,292,,1122,2003,2854,688,1629,177.3 
,215,,371,,1153,2058,3001,741,1681,177.4 
,294,,271,,1052,2021,2687,620,1614,181.1 
,216,,122,,1082,2130,2666,581,1752,190.4 
,192,,266,,1013,2097,2737,570,1623,197.9 
,347,,189,,1057,2184,2767,606,1486,202.6 
,426,,203,,1017,2239,2904,575,1527,200.4 
,134,,168,,1076,2009,2982,709,1465,198.3 
,296,,299,,1063,1934,2958,684,1523,192.6 
,71,,240,,1065,2048,2902,677,1527,187.3 
,217,,296,,995,1977,2853,671,1610,185.9 
,328,,213,,1065,2015,2910,681,1550,183.5 
,273,,116,,1071,1944,,,1607,186.9 
,328,,,,1067,2042,,,1577,188.8 
,343,,,,1036,1984,,,1544,186.1 
,396,,,,1135,2049,,,1614,184.6 
,209,,,,1119,2168,,,1563,183.9 
,253,,,,1197,2133,,,1539,184.2 
,560,,,,1246,2032,,,1590,185.4 
,324,,,,1002,2084,,,1598,182.7 
,300,,,,1170,2055,,,1627,181.5 
,409,,,,1052,2035,,,1572,181.3 
,278,,,,1130,1961,,,1409,183.9 
,346,,,,1214,1966,,,1506,189.5 
,290,,,,1305,1939,,,1591,190.2 
,379,,,,1240,2056,,,1581,194.9 
,301,,,,1247,2108,,,1539,198.4 
,215,,,,1209,2036,,,1623,198.0 
,343,,,,1297,2198,,,1651,198.6 
,93,,,,1179,2105,,,1635,195.1 
,356,,,,1150,1958,,,1708,191.8 
,204,,,,1204,1970,,,1716,190.1 
,243,,,,1226,1896,,,1748,190.3 
,580,,,,1250,1968,,,1680,186.8 
,338,,,,1205,1991,,,1734,179.9 
,169,,,,1252,2084,,,1697,177.7 
,262,,,,1340,1952,,,1764,175.4 
,259,,,,1243,1973,,,1721,174.5 
,343,,,,1302,1985,,,1651,177.1 
,92,,,,1226,1946,,,1674,180.2 
,267,,,,1226,2064,,,1614,183.9 
,290,,,,1222,1967,,,1630,189.6 
,504,,,,1232,1944,,,1617,189.0 
,269,,,,1208,1984,,,1625,187.3 
,227,,,,1234,1996,,,1581,187.8 
,294,,,,1215,2040,,,1498,190.4 
,197,,,,1299,1989,,,1502,197.9 
,255,,,,1371,1823,,,1401,203.9 
,368,,,,1340,1924,,,1411,209.5 
,416,,,,1357,2039,,,1477,213.7 
,308,,,,1360,1986,,,1533,219.6 
,81,,,,1313,1939,,,1591,225.1 
,154,,,,1478,2016,,,1553,219.8 
,177,,,,1351,2039,,,1588,219.7 
,162,,,,1495,2030,,,1588,219.1 
,208,,,,1215,2133,,,1708,213.7 
,326,,,,1303,2142,,,1657,211.6 
,225,,,,1310,2137,,,,207.7 
,142,,,,1166,2081,,,,
,522,,,,1202,2122,,,,
,300,,,,1203,2094,,,,
,585,,,,1283,2185,,,,
,225,,,,1291,2103,,,,
,448,,,,1086,2000,,,,
,358,,,,1153,2064,,,,
,288,,,,1178,2026,,,,
,468,,,,1116,2033,,,,
,390,,,,1187,2011,,,,
,371,,,,1133,2029,,,,
,474,,,,1175,2013,,,,
,429,,,,1223,1930,,,,
,442,,,,1308,1901,,,,
,470,,,,1103,1797,,,,
,329,,,,1155,1810,,,,
,432,,,,1098,1863,,,,
,224,,,,1093,1954,,,,
,535,,,,1144,2000,,,,
,328,,,,1306,1977,,,,
,445,,,,1351,2011,,,,
,235,,,,1326,1977,,,,
,524,,,,1288,2108,,,,
,424,,,,1312,2047,,,,
,629,,,,,,,,,
,308,,,,,,,,,
,522,,,,,,,,,
,641,,,,,,,,,
,439,,,,,,,,,
,401,,,,,,,,,
,312,,,,,,,,,
,304,,,,,,,,,
,315,,,,,,,,,
,451,,,,,,,,,
,280,,,,,,,,,
,321,,,,,,,,,
,160,,,,,,,,,
,331,,,,,,,,,
,220,,,,,,,,,
,588,,,,,,,,,
,170,,,,,,,,,
,176,,,,,,,,,
,368,,,,,,,,,
,248,,,,,,,,,
,285,,,,,,,,,
,284,,,,,,,,,
,110,,,,,,,,,
,274,,,,,,,,,
,178,,,,,,,,,
,186,,,,,,,,,
,109,,,,,,,,,
,291,,,,,,,,,
,236,,,,,,,,,
,284,,,,,,,,,
,182,,,,,,,,,
,445,,,,,,,,,
,346,,,,,,,,,
,347,,,,,,,,,
,331,,,,,,,,,
,249,,,,,,,,,
,173,,,,,,,,,
,354,,,,,,,,,
,335,,,,,,,,,
,264,,,,,,,,,
,435,,,,,,,,,
,612,,,,,,,,,
,340,,,,,,,,,
,313,,,,,,,,,
,330,,,,,,,,,
,485,,,,,,,,,
,508,,,,,,,,,
,313,,,,,,,,,
,327,,,,,,,,,
,314,,,,,,,,,
,419,,,,,,,,,
,477,,,,,,,,,
,293,,,,,,,,,
,168,,,,,,,,,
,374,,,,,,,,,
,200,,,,,,,,,
,415,,,,,,,,,
,349,,,,,,,,,
,162,,,,,,,,,
,331,,,,,,,,,
,273,,,,,,,,,
,408,,,,,,,,,
,377,,,,,,,,,
,304,,,,,,,,,
,319,,,,,,,,,
,146,,,,,,,,,
,324,,,,,,,,,
,480,,,,,,,,,
,204,,,,,,,,,
,263,,,,,,,,,
,357,,,,,,,,,
,225,,,,,,,,,
,364,,,,,,,,,
,292,,,,,,,,,
,285,,,,,,,,,
,462,,,,,,,,,
,575,,,,,,,,,
,310,,,,,,,,,
,631,,,,,,,,,
,459,,,,,,,,,
,448,,,,,,,,,
,248,,,,,,,,,
,483,,,,,,,,,
,364,,,,,,,,,
,561,,,,,,,,,
,331,,,,,,,,,
,298,,,,,,,,,
,365,,,,,,,,,
,603,,,,,,,,,
,506,,,,,,,,,
,603,,,,,,,,,
,270,,,,,,,,,
,530,,,,,,,,,
,465,,,,,,,,,
,612,,,,,,,,,
,255,,,,,,,,,
,441,,,,,,,,,
,504,,,,,,,,,
,585,,,,,,,,,
,464,,,,,,,,,
,382,,,,,,,,,
,370,,,,,,,,,
,397,,,,,,,,,
,295,,,,,,,,,
,567,,,,,,,,,
,268,,,,,,,,,
,321,,,,,,,,,
,544,,,,,,,,,
,631,,,,,,,,,
,385,,,,,,,,,
,259,,,,,,,,,
,582,,,,,,,,,
,685,,,,,,,,,
,526,,,,,,,,,
,382,,,,,,,,,
,390,,,,,,,,,
,490,,,,,,,,,
,632,,,,,,,,,
,278,,,,,,,,,
,481,,,,,,,,,
,270,,,,,,,,,
,309,,,,,,,,,
,466,,,,,,,,,
,434,,,,,,,,,
,353,,,,,,,,,
,367,,,,,,,,,
,588,,,,,,,,,
,401,,,,,,,,,
,438,,,,,,,,,
,468,,,,,,,,,
,376,,,,,,,,,
,545,,,,,,,,,
,455,,,,,,,,,
,418,,,,,,,,,
,634,,,,,,,,,
,693,,,,,,,,,
,736,,,,,,,,,
,668,,,,,,,,,
,430,,,,,,,,,
,884,,,,,,,,,
,468,,,,,,,,,
,480,,,,,,,,,
,521,,,,,,,,,
,705,,,,,,,,,
,657,,,,,,,,,
,705,,,,,,,,,
,705,,,,,,,,,
,564,,,,,,,,,
,482,,,,,,,,,
,761,,,,,,,,,
,708,,,,,,,,,
,356,,,,,,,,,
,657,,,,,,,,,
,346,,,,,,,,,
,492,,,,,,,,,
,465,,,,,,,,,
,555,,,,,,,,,
,368,,,,,,,,,
,633,,,,,,,,,
,333,,,,,,,,,
,535,,,,,,,,,
,375,,,,,,,,,
,552,,,,,,,,,
,479,,,,,,,,,
,420,,,,,,,,,
,604,,,,,,,,,
,230,,,,,,,,,
,458,,,,,,,,,
,443,,,,,,,,,
,569,,,,,,,,,
,354,,,,,,,,,
,206,,,,,,,,,
,355,,,,,,,,,
,502,,,,,,,,,
,290,,,,,,,,,
,380,,,,,,,,,
,383,,,,,,,,,
,418,,,,,,,,,
,333,,,,,,,,,
,449,,,,,,,,,
,350,,,,,,,,,
,458,,,,,,,,,
,411,,,,,,,,,
,373,,,,,,,,,
,303,,,,,,,,,
,523,,,,,,,,,
,430,,,,,,,,,
,366,,,,,,,,,
,490,,,,,,,,,
,416,,,,,,,,,
,279,,,,,,,,,
,636,,,,,,,,,
,590,,,,,,,,,
,520,,,,,,,,,
,505,,,,,,,,,
,509,,,,,,,,,
,650,,,,,,,,,
,590,,,,,,,,,
,612,,,,,,,,,
,612,,,,,,,,,
,852,,,,,,,,,
,551,,,,,,,,,
,561,,,,,,,,,
,730,,,,,,,,,
,489,,,,,,,,,
,552,,,,,,,,,
,525,,,,,,,,,
,355,,,,,,,,,
,574,,,,,,,,,
,396,,,,,,,,,
,715,,,,,,,,,
,496,,,,,,,,,
,473,,,,,,,,,
,410,,,,,,,,,
,462,,,,,,,,,
,473,,,,,,,,,
,478,,,,,,,,,
,652,,,,,,,,,
,412,,,,,,,,,
,445,,,,,,,,,
,472,,,,,,,,,
,697,,,,,,,,,
,470,,,,,,,,,
,459,,,,,,,,,
,587,,,,,,,,,
,481,,,,,,,,,
,441,,,,,,,,,
,711,,,,,,,,,
,493,,,,,,,,,
,455,,,,,,,,,
,640,,,,,,,,,
,197,,,,,,,,,
,546,,,,,,,,,
,382,,,,,,,,,
,540,,,,,,,,,
,441,,,,,,,,,
,549,,,,,,,,,
,493,,,,,,,,,
,464,,,,,,,,,
,431,,,,,,,,,
,473,,,,,,,,,
,413,,,,,,,,,
,514,,,,,,,,,
,522,,,,,,,,,
,638,,,,,,,,,
,793,,,,,,,,,
,799,,,,,,,,,
,603,,,,,,,,,
,773,,,,,,,,,
,677,,,,,,,,,
,524,,,,,,,,,
,704,,,,,,,,,
,430,,,,,,,,,
,370,,,,,,,,,
,875,,,,,,,,,
,787,,,,,,,,,
,684,,,,,,,,,
,385,,,,,,,,,
,513,,,,,,,,,
,452,,,,,,,,,
,498,,,,,,,,,
,478,,,,,,,,,
,602,,,,,,,,,
,538,,,,,,,,,
,546,,,,,,,,,
,498,,,,,,,,,
,540,,,,,,,,,
,575,,,,,,,,,
,596,,,,,,,,,
,448,,,,,,,,,
,581,,,,,,,,,
,561,,,,,,,,,
,550,,,,,,,,,
,589,,,,,,,,,
,235,,,,,,,,,
,434,,,,,,,,,
,398,,,,,,,,,
,581,,,,,,,,,
,339,,,,,,,,,
,513,,,,,,,,,
,245,,,,,,,,,
,451,,,,,,,,,
,680,,,,,,,,,
,470,,,,,,,,,
,480,,,,,,,,,
,555,,,,,,,,,
,884,,,,,,,,,
,430,,,,,,,,,
,451,,,,,,,,,
,533,,,,,,,,,
,668,,,,,,,,,
,594,,,,,,,,,
,523,,,,,,,,,
,503,,,,,,,,,
,724,,,,,,,,,
,315,,,,,,,,,
,522,,,,,,,,,
,414,,,,,,,,,
,600,,,,,,,,,
,701,,,,,,,,,
,533,,,,,,,,,
,443,,,,,,,,,
,804,,,,,,,,,
,615,,,,,,,,,
,722,,,,,,,,,
,344,,,,,,,,,
,632,,,,,,,,,
,550,,,,,,,,,
,602,,,,,,,,,
,338,,,,,,,,,
,518,,,,,,,,,
,348,,,,,,,,,
,587,,,,,,,,,
,480,,,,,,,,,
,302,,,,,,,,,
,438,,,,,,,,,
,421,,,,,,,,,
,484,,,,,,,,,
,377,,,,,,,,,
,521,,,,,,,,,
,486,,,,,,,,,
,497,,,,,,,,,
,341,,,,,,,,,
,698,,,,,,,,,
,521,,,,,,,,,
,310,,,,,,,,,
,719,,,,,,,,,
,453,,,,,,,,,
,490,,,,,,,,,
,487,,,,,,,,,
,590,,,,,,,,,
,518,,,,,,,,,
,884,,,,,,,,,
,347,,,,,,,,,
,562,,,,,,,,,
,694,,,,,,,,,
,712,,,,,,,,,
,636,,,,,,,,,
,740,,,,,,,,,
,721,,,,,,,,,
,592,,,,,,,,,
,482,,,,,,,,,
,580,,,,,,,,,
,891,,,,,,,,,
,563,,,,,,,,,
,325,,,,,,,,,
,664,,,,,,,,,
,518,,,,,,,,,
,692,,,,,,,,,
,496,,,,,,,,,
,678,,,,,,,,,
,863,,,,,,,,,
,786,,,,,,,,,
,507,,,,,,,,,
,813,,,,,,,,,
,692,,,,,,,,,
,489,,,,,,,,,
,865,,,,,,,,,
,829,,,,,,,,,
,711,,,,,,,,,
,752,,,,,,,,,
,555,,,,,,,,,
,637,,,,,,,,,
,781,,,,,,,,,
,808,,,,,,,,,
,573,,,,,,,,,
,621,,,,,,,,,
,947,,,,,,,,,
,579,,,,,,,,,
,675,,,,,,,,,
,582,,,,,,,,,
,464,,,,,,,,,
,935,,,,,,,,,
,955,,,,,,,,,
,773,,,,,,,,,
,748,,,,,,,,,
,695,,,,,,,,,
,640,,,,,,,,,
,776,,,,,,,,,
,542,,,,,,,,,
,822,,,,,,,,,
,740,,,,,,,,,
,831,,,,,,,,,
,438,,,,,,,,,
,696,,,,,,,,,
,771,,,,,,,,,
,816,,,,,,,,,
,765,,,,,,,,,
,728,,,,,,,,,
,617,,,,,,,,,
,736,,,,,,,,,
,570,,,,,,,,,
,475,,,,,,,,,
,868,,,,,,,,,
,685,,,,,,,,,
,727,,,,,,,,,
,669,,,,,,,,,
,720,,,,,,,,,
,785,,,,,,,,,
,782,,,,,,,,,
,897,,,,,,,,,
,714,,,,,,,,,
,863,,,,,,,,,
,1064,,,,,,,,,
,853,,,,,,,,,
,844,,,,,,,,,
,1079,,,,,,,,,
,866,,,,,,,,,
,708,,,,,,,,,
,574,,,,,,,,,
,784,,,,,,,,,
,1132,,,,,,,,,
,1032,,,,,,,,,
,594,,,,,,,,,
,691,,,,,,,,,
,1077,,,,,,,,,
,870,,,,,,,,,
,985,,,,,,,,,
,667,,,,,,,,,
,952,,,,,,,,,
,990,,,,,,,,,
,757,,,,,,,,,
,961,,,,,,,,,
,672,,,,,,,,,
,792,,,,,,,,,
,828,,,,,,,,,
,1016,,,,,,,,,
,572,,,,,,,,,
,594,,,,,,,,,
,773,,,,,,,,,
,1090,,,,,,,,,
,915,,,,,,,,,
,738,,,,,,,,,
,888,,,,,,,,,
,780,,,,,,,,,
,809,,,,,,,,,
,801,,,,,,,,,
,1038,,,,,,,,,
,589,,,,,,,,,
,740,,,,,,,,,
,767,,,,,,,,,
,820,,,,,,,,,
,621,,,,,,,,,
,711,,,,,,,,,
,872,,,,,,,,,
,738,,,,,,,,,
,614,,,,,,,,,
,678,,,,,,,,,
,783,,,,,,,,,
,1002,,,,,,,,,
,988,,,,,,,,,
,883,,,,,,,,,
,1134,,,,,,,,,
,981,,,,,,,,,
,1023,,,,,,,,,
,1112,,,,,,,,,
,1105,,,,,,,,,
,744,,,,,,,,,
,1227,,,,,,,,,
,923,,,,,,,,,
,758,,,,,,,,,
,827,,,,,,,,,
,842,,,,,,,,,
,871,,,,,,,,,
,1070,,,,,,,,,
,1135,,,,,,,,,
,934,,,,,,,,,
,738,,,,,,,,,
,980,,,,,,,,,
,931,,,,,,,,,
,578,,,,,,,,,
,908,,,,,,,,,
,811,,,,,,,,,
,1166,,,,,,,,,
,921,,,,,,,,,
,830,,,,,,,,,
,721,,,,,,,,,
,752,,,,,,,,,
,831,,,,,,,,,
,638,,,,,,,,,
,698,,,,,,,,,
,746,,,,,,,,,
,759,,,,,,,,,
,863,,,,,,,,,
,632,,,,,,,,,
,821,,,,,,,,,
,947,,,,,,,,,
,567,,,,,,,,,
,759,,,,,,,,,
,924,,,,,,,,,
,583,,,,,,,,,
,732,,,,,,,,,
,604,,,,,,,,,
,689,,,,,,,,,
,490,,,,,,,,,
,688,,,,,,,,,
,555,,,,,,,,,
,692,,,,,,,,,
,854,,,,,,,,,
,621,,,,,,,,,
,1021,,,,,,,,,
,934,,,,,,,,,
,756,,,,,,,,,
,1168,,,,,,,,,
,1226,,,,,,,,,
,834,,,,,,,,,
,1295,,,,,,,,,
,771,,,,,,,,,
,618,,,,,,,,,
,919,,,,,,,,,
,955,,,,,,,,,
,850,,,,,,,,,
,991,,,,,,,,,
,1029,,,,,,,,,
,756,,,,,,,,,
,1017,,,,,,,,,
,969,,,,,,,,,
,1262,,,,,,,,,
,951,,,,,,,,,
,872,,,,,,,,,
,1263,,,,,,,,,
,1104,,,,,,,,,
,858,,,,,,,,,
,891,,,,,,,,,
,992,,,,,,,,,
,889,,,,,,,,,
,1192,,,,,,,,,
,607,,,,,,,,,
,884,,,,,,,,,
,1003,,,,,,,,,
,915,,,,,,,,,
,1032,,,,,,,,,
,720,,,,,,,,,
,922,,,,,,,,,
,670,,,,,,,,,
,814,,,,,,,,,
,715,,,,,,,,,
,763,,,,,,,,,
,899,,,,,,,,,
,1093,,,,,,,,,
,806,,,,,,,,,
,719,,,,,,,,,
,989,,,,,,,,,
,837,,,,,,,,,
,589,,,,,,,,,
,583,,,,,,,,,
,636,,,,,,,,,
,781,,,,,,,,,
,900,,,,,,,,,
,1175,,,,,,,,,
,776,,,,,,,,,
,984,,,,,,,,,
,957,,,,,,,,,
,964,,,,,,,,,
,978,,,,,,,,,
,870,,,,,,,,,
,900,,,,,,,,,
,1002,,,,,,,,,
,1090,,,,,,,,,
,1072,,,,,,,,,
,1047,,,,,,,,,
,1098,,,,,,,,,
,988,,,,,,,,,
