4.000,9.273,457,23,936,317,2443,119,1005,3605,1564
6.326,5.063,904,26,1719,549,7490,230,3057,8664,4695
3.985,8.118,1603,38,2395,790,22724,825,10693,23629,15310
2.593,1.563,2372,75,3845,1219,44422,1698,24760,39345,29959
1.662,7.579,3571,84,6418,1964,32238,953,15247,22559,17343
1.667,5.636,4881,144,8972,3021,20359,669,9183,13935,7317
3.540,2.448,5842,150,10163,3607,19919,625,9257,13012,6914
3.514,4.609,6077,159,11490,4297,21931,622,10758,14395,8911
4.314,20.889,6381,171,13004,4862,23321,643,11696,14957,9233
3.086,11.400,7133,218,14142,5816,23208,581,11034,14435,7288
1.102,3.700,7908,216,14984,6517,24731,679,13082,16549,8615
2.092,8.833,7764,196,15620,6742,31971,939,16788,22806,13697
2.017,9.160,8721,216,17924,7419,40975,1232,23779,32989,21928
4.587,1.167,7382,159,14870,5985,38216,800,21669,28781,20869
1.389,1.900,5884,109,10736,5127,28278,466,14119,18056,13096
1.610,7.000,4014,84,7289,3601,15728,265,6812,9667,6797
0.000,9.120,2736,69,5520,2964,9543,170,3725,5600,3726
6.578,38.400,2257,50,3969,1895,7274,131,2738,3684,2308
3.196,12.136,1723,40,3254,1513,5743,79,2263,2750,1487
4.591,9.938,1078,22,1943,1039,2840,29,862,1180,787
2.534,11.303,1251,61,3134,1027,2586,144,1182,3533,1583
3.809,21.063,3855,148,7445,2501,7678,240,2934,8798,4740
7.649,12.158,14139,518,24762,8744,25284,967,12213,26343,15324
1.800,20.697,28566,901,38564,15004,47866,1839,25930,42285,28909
5.671,18.448,18475,525,23576,9604,30235,957,15542,23753,17714
3.176,14.217,10932,319,16010,6218,19175,692,9489,14425,7564
4.329,11.111,10774,280,15543,5983,19665,608,9449,13436,7294
1.190,6.000,13286,313,18800,6755,21663,686,11083,15131,9415
5.938,11.200,13694,296,19843,7274,23501,625,11504,15089,9453
8.661,2.333,12883,312,18459,7131,22701,604,10672,15000,7348
2.189,5.480,15499,354,21448,8060,24777,744,12153,17028,8655
7.907,0.000,21298,479,29793,10273,31920,1020,16534,24361,14420
1.707,1.900,33870,528,40864,12959,43186,1492,23820,36353,23103
6.000,9.000,32875,326,34066,10772,40795,760,21543,30853,21644
3.386,7.833,19517,194,19703,7545,30660,470,14916,19961,14105
5.043,18.800,8998,112,10231,4688,17034,289,7601,10705,7487
3.471,7.238,4539,66,6269,3262,10154,168,4011,6224,4164
6.931,5.938,2779,41,4159,2018,7553,139,3061,4108,2960
1.794,7.971,1995,40,3134,1466,6147,104,2404,3237,2054
2.912,13.938,803,8,1158,692,2733,37,919,1118,895
2.235,6.789,1429,67,3177,960,2624,143,1162,3930,1598
2.843,9.943,4131,146,7994,2445,7772,250,3078,8941,4858
4.333,7.828,15501,553,26745,9038,24968,971,11968,26271,15286
6.271,8.773,31227,1004,41309,15697,45012,1579,24007,40081,29380
3.492,9.222,22567,572,27071,11082,28561,924,14908,23283,16854
4.508,9.350,12425,378,17659,6893,18787,609,9033,13930,7169
6.407,11.400,11712,311,16722,6274,19380,630,9549,13555,7339
4.093,4.333,14528,367,19921,7104,23510,936,12869,17803,9771
4.056,6.360,14980,292,21124,7849,24124,663,11928,16850,9627
1.341,2.500,13527,294,19524,7183,25382,662,11173,15887,7987
0.000,0.500,13312,280,22535,8342,25494,838,12109,16894,8805
5.600,8.333,21385,444,30941,10122,32839,952,15274,22462,14090
6.000,8.407,34073,591,43198,13249,41480,1318,22461,33548,22059
1.147,16.200,34187,335,36147,10995,40668,795,21223,30659,21010
6.136,17.350,22305,201,22744,7970,31597,493,15051,19979,14173
3.809,5.750,10384,113,11865,4769,17979,446,7866,11278,7677
7.224,6.970,4981,67,6908,2853,9998,182,3909,5754,3879
6.627,7.625,3538,47,4607,2009,7311,99,2982,4011,2751
9.614,6.579,2678,44,3544,1664,7563,112,3122,4061,2348
5.941,6.529,904,10,1260,707,3349,41,1102,1337,1197
9.371,3.893,1334,62,3108,1155,2593,123,1248,3835,1626
7.932,5.000,3929,156,7914,2667,7886,237,3154,9054,5090
7.062,1.889,14946,602,26372,9354,25228,1026,12360,27369,15584
7.712,7.750,30576,1029,41233,15827,48970,1802,26359,42724,28841
6.720,2.158,21382,606,26254,10760,30672,953,15225,23468,16366
3.545,1.667,12138,386,17423,7088,18543,708,9447,14131,6967
2.000,3.846,12067,312,16919,6269,19698,599,9618,13335,7091
0.000,2.333,16609,368,22604,7719,22233,664,11752,15641,9273
4.297,6.900,15970,314,22825,7781,23131,651,11763,15672,9119
6.700,0.000,15100,349,21246,8325,24056,550,10990,15333,7354
2.390,3.556,15991,373,23454,9321,25104,777,12600,17486,8952
4.982,0.000,21154,440,30542,10919,32866,1055,16946,25179,14610
9.175,4.684,32741,590,41239,14469,42880,1528,24415,35865,21980
5.415,1.538,33185,413,36404,12295,41304,967,21895,30346,20825
2.000,0.710,22154,206,23456,8977,31086,538,15234,20040,13633
2.200,0.611,11072,130,12728,5597,17758,431,8594,11476,7657
4.000,6.529,5242,71,7356,3793,10383,173,4623,6755,4445
3.169,11.970,3655,52,5275,2311,8157,112,3313,4416,3290
3.135,12.538,2905,45,3999,1772,6959,84,2735,3516,2475
2.347,1.333,1130,21,1509,853,3402,40,1153,1487,1205
3.180,9.286,1419,59,2930,1046,2565,138,1253,3913,1712
2.625,9.176,4264,147,8129,2620,7122,234,3053,8940,4913
2.714,2.316,16415,580,27315,9767,23276,1022,11828,26288,15201
4.143,2.500,34174,1012,43751,17621,45281,1743,24926,41121,27992
0.000,5.909,22656,601,26898,11360,29286,912,14812,23552,16315
0.448,0.000,12720,350,18182,7141,20361,640,9566,15011,7213
0.588,0.750,12224,308,17270,6547,20462,651,9982,14319,7481
4.786,0.000,15758,356,20997,7394,24434,713,12622,17128,10349
2.404,0.640,15419,330,22109,8384,25651,749,12244,16890,9894
1.431,1.333,14664,354,20775,7573,26521,750,11775,16641,8026
3.200,3.211,16521,355,23386,8592,29305,880,14329,20636,10452
1.196,4.308,23038,453,31475,10450,38684,1083,19931,29451,16768
4.985,1.563,34740,564,42382,13708,49434,1326,24876,36184,22683
5.894,3.647,34086,352,35454,11739,40482,835,20419,27533,19781
3.853,5.313,23365,226,23149,8726,31628,493,15066,18695,13082
4.070,5.969,11713,135,13411,5431,19734,328,8155,11384,7705
3.781,1.933,6018,90,7931,3595,12036,321,4635,6887,4674
12.018,4.591,3978,65,5569,2410,10127,121,3518,4853,3420
8.761,0.222,3154,38,4335,2051,7832,105,3042,4059,2578
5.246,3.905,1408,12,1832,949,3773,44,1568,1766,1552
1.902,2.737,1544,60,3340,1291,1817,70,899,2212,945
0.000,16.000,3915,141,7883,2686,3145,77,1501,3541,1610
5.889,1.208,15575,562,25586,9574,5881,206,2999,6781,2725
8.170,1.000,32838,984,42115,16877,9830,348,4983,9012,3824
6.116,3.105,21955,560,26720,11224,14182,415,6642,11276,5165
6.386,0.000,12710,381,18516,7463,17850,467,8241,12227,5672
16.970,3.640,12841,329,18149,7159,23145,486,9161,13744,6678
10.362,0.333,16128,398,22169,8406,25346,578,9714,13545,7147
13.039,7.182,15584,342,23610,8596,24954,495,8861,13017,7484
3.884,1.176,14590,324,22058,8178,30428,564,11202,15982,8566
5.686,6.273,17688,393,25391,9088,32460,609,12057,16067,9230
13.113,3.588,25728,424,34151,11109,33187,611,11554,14845,9076
12.814,7.444,34348,475,40558,12931,33160,517,11757,14823,9042
24.469,20.206,29120,349,32428,10591,29297,474,10875,13746,8529
26.655,6.138,20931,247,22692,8697,27194,364,9766,12762,7906
31.689,7.727,11208,144,13592,5701,17754,335,6671,9160,5684
28.055,6.000,5861,94,8301,3966,12300,234,4240,6622,3922
27.878,13.400,3904,69,6105,2773,10501,136,3351,4824,3963
5.667,10.211,3669,44,5127,2489,9343,121,3111,4428,3145
4.067,4.286,1973,22,2542,1444,6180,66,1994,2536,2784
8.745,8.960,942,37,1856,717,1140,60,670,1208,767
8.149,7.833,1629,48,3041,1056,1805,64,886,1846,986
4.983,2.700,3708,125,6191,2305,2685,78,1368,3023,1393
8.507,2.000,6137,178,9956,3911,4492,143,2462,4339,2137
4.207,1.960,7837,230,12244,5105,7341,279,3726,6242,2749
4.680,0.000,9303,301,13906,5721,10739,289,5065,8150,3795
4.449,5.182,10481,250,15258,6466,12182,391,5315,8789,4222
5.784,0.529,11701,252,17336,7155,13562,414,6014,9461,4927
8.521,15.121,11887,323,19432,8036,14299,368,6037,10020,5316
7.068,5.412,13040,341,21033,9072,17500,422,6655,11047,5387
7.000,1.944,14851,367,23392,10479,18587,488,7263,10573,6637
6.776,13.031,15355,307,23770,10619,19644,476,7204,10303,7675
9.284,0.586,15709,326,25273,11326,21343,593,7767,10994,8032
9.618,1.591,14111,242,22238,9990,21814,494,7691,10673,8014
5.390,2.700,13534,211,18569,8859,19792,403,6352,9315,8495
0.667,3.050,8105,151,11731,5978,15999,260,5159,7967,6642
10.089,6.316,4707,92,7652,4301,13394,187,3732,5830,4861
12.298,3.286,3823,78,6955,3139,9281,83,2891,4144,4868
9.358,1.120,3937,69,6375,3032,7388,71,2247,3366,3183
6.254,0.000,2842,35,3640,2159,5694,69,1902,2369,1031
6.463,7.350,594,22,1092,465,2579,149,1216,3561,1521
6.810,0.500,938,30,1724,589,7842,258,3300,9186,4608
2.840,0.160,1490,42,2507,870,25288,935,11994,26288,14921
2.739,0.500,2552,75,4053,1508,47820,1809,25675,41797,28872
4.569,3.136,3523,102,6636,2473,31214,1021,15232,23955,15867
7.507,1.588,4767,123,9276,3400,19227,696,8953,14216,6856
12.983,11.281,5399,169,10111,4111,20247,648,9195,13670,6989
10.323,1.824,6053,165,11705,4978,22157,727,10940,14965,8924
18.862,1.833,6522,183,12989,5289,23566,662,11408,15502,9386
8.730,9.469,7560,199,14091,6151,23395,598,10516,14985,7606
16.945,0.759,7873,199,14564,6821,25052,773,12331,17888,8681
7.561,1.000,7836,186,15239,6761,32052,1081,16050,24614,13266
1.667,0.200,8964,222,16876,7463,43196,1473,24634,36747,22327
3.800,2.700,7627,183,15016,6579,40401,853,21887,31603,21721
3.553,11.316,6446,151,11448,5560,29674,473,14207,19185,13985
8.826,0.000,4460,112,7430,3829,16477,280,7273,10468,7110
3.119,5.080,2949,75,5247,2993,9455,170,3671,5833,3842
8.149,1.167,2132,39,3886,1954,6899,110,2702,3909,2210
2.638,6.850,2100,36,3443,1769,5646,94,2290,2869,1633
6.118,5.000,2256,28,2994,1948,2884,25,907,1217,597
4.261,2.040,1408,67,2983,1144,2363,149,1212,3760,1570
6.784,1.667,4085,153,8526,2657,7370,224,3124,9214,4956
10.507,2.500,15465,594,26926,9723,24728,1024,12570,27603,15823
9.881,2.765,32257,998,44136,17449,47679,1935,27313,44597,29853
9.938,0.970,20938,560,26130,11176,31165,1024,15589,24420,16889
17.103,0.824,11699,332,16993,6758,18667,660,9692,14854,6892
6.892,2.500,11503,311,16231,6213,19547,615,10057,13971,7113
6.164,6.029,14188,310,19777,7148,21715,748,12319,16046,9404
8.024,8.655,15115,347,20777,7959,23672,694,12606,16625,8504
0.000,4.182,13643,320,19059,7616,22181,629,11957,15883,7469
3.444,1.500,16361,338,21691,8340,24729,770,13550,18268,8795
6.217,7.850,22264,466,30032,10252,32006,1120,18373,26172,14685
4.014,1.684,34863,563,41269,13603,43540,1654,26513,39315,22647
9.271,5.000,34622,339,35450,11444,40861,769,23436,33011,21670
15.194,14.600,22518,222,22150,8318,31191,489,15883,21633,14449
13.966,2.000,10888,120,11900,5189,16606,274,8127,11404,7575
9.725,8.700,4885,62,6732,3353,9280,175,3741,5550,3866
13.739,5.750,3067,54,4734,2350,7939,128,3015,4404,3550
11.275,0.480,2289,40,3278,1597,6190,90,2433,3322,2389
16.282,0.000,853,13,1257,806,2573,40,958,1173,1060
15.069,4.045,1364,61,3311,1119,2396,150,1258,4020,1700
18.508,10.294,4340,159,8760,2969,7458,216,3197,9169,5495
17.397,6.061,16585,576,28503,10388,23786,1009,12372,27800,16355
19.162,10.353,33570,1025,45263,18099,43647,1704,25226,41563,30245
19.232,8.833,22632,607,27326,11864,30428,960,16325,24797,17340
12.585,15.636,12399,363,17585,7348,18781,698,9861,14502,6615
1.333,16.000,12281,318,16642,6670,19365,664,9987,14488,6523
0.595,15.909,15415,351,20261,7692,22403,919,13430,18464,9166
6.256,2.100,15986,327,21610,8578,24849,753,13231,18187,9989
2.397,30.750,14760,333,19881,7766,23868,723,12248,16998,8578
1.912,30.211,16502,357,23066,8876,25153,762,13646,18324,8789
3.984,11.857,22854,458,31476,10514,32988,919,17023,25117,12579
3.111,17.920,35358,572,43248,13267,42596,1385,23991,35804,20820
2.000,16.833,34872,367,36011,11581,41882,801,22591,31935,20223
0.271,22.200,23540,227,23555,8472,30951,508,15888,21632,13663
4.477,9.000,11412,146,12423,4969,17491,318,8333,11723,7611
1.250,12.240,5738,77,7095,2968,10638,188,4323,6533,3871
3.059,4.800,3690,51,5400,2325,7894,119,3525,4705,3052
2.388,3.000,3011,36,3949,1925,6914,87,3150,3563,1978
3.683,1.769,1067,17,1464,866,3088,33,1216,1428,1028
9.786,4.533,1464,71,3068,1127,2594,148,1204,4025,1627
4.571,8.421,4309,152,8495,2778,7564,235,3278,9520,5192
0.476,17.938,16120,603,27309,10030,25270,1019,13029,28559,16732
0.000,5.906,32820,1044,42753,17123,46368,1909,27416,44512,30609
4.103,5.214,22800,617,28041,12078,30406,1057,15972,24366,17363
0.471,3.250,13670,400,19472,7968,20699,691,9755,14971,7310
1.911,1.857,13704,354,18964,7292,19421,646,9884,14298,7193
3.462,17.294,18593,352,24173,8658,22102,717,12227,16745,9743
24.246,9.316,19148,332,26053,9665,23710,700,12641,17179,9620
27.545,3.333,17212,392,23409,9268,23863,579,11726,16406,7697
37.647,10.391,17988,357,25035,9836,25605,740,13253,18941,9075
37.000,0.000,23863,451,31781,11295,33016,1170,17746,26863,14767
48.894,0.000,35169,543,42708,14886,44363,1505,25832,38655,22398
43.768,0.000,35070,397,37696,12910,41949,861,23800,33019,21414
50.368,0.391,24141,217,25059,9649,31345,492,15622,21086,13717
72.016,13.857,12526,124,14425,6094,17724,288,8486,11588,7950
88.421,3.211,5814,74,7753,3968,11157,175,4664,6725,4236
99.130,6.786,4073,54,5866,2553,8499,162,3505,4813,3241
90.067,3.531,3218,41,4314,2094,7083,90,3174,3625,2402
81.683,12.765,1344,17,1764,1022,3387,38,1262,1574,1193
71.333,17.400,1405,58,3253,1083,2601,142,1273,4003,1668
8.711,13.879,4243,160,8738,2861,7501,257,3074,9229,4966
4.915,25.067,15963,598,28237,10225,23422,1003,12365,27208,15872
5.652,23.182,34148,999,45633,18036,44426,1831,25532,41988,29041
6.661,37.000,23117,635,28226,12205,29601,1075,15287,24256,17173
10.364,13.619,13094,407,19047,7655,21380,777,10425,15695,7469
7.362,12.421,13483,343,18467,6836,21164,661,10282,14823,7752
4.569,2.571,17401,350,22071,8095,24222,819,13119,18195,10670
7.783,5.083,18164,328,23829,8916,26690,796,13023,17821,10161
12.412,7.714,15825,334,21571,8484,26485,766,12386,17198,8286
11.254,16.895,17633,341,24649,8882,29028,837,15040,21475,10634
14.424,0.000,23843,443,32848,11290,39888,1139,21202,30548,17335
14.922,5.000,35980,592,44381,14374,47439,1337,25847,36528,22528
21.932,0.000,35595,368,37896,12383,41200,777,20550,28106,19909
10.904,0.045,24582,259,25882,9842,33656,519,15597,20567,13731
8.214,1.353,13388,149,15343,5929,21354,341,9480,12758,8155
5.744,2.030,6876,79,8989,3829,14243,218,5092,7322,4794
0.000,4.706,4793,54,6908,2638,10150,155,3836,5175,3578
2.370,2.833,3573,42,4738,2293,8498,111,3523,4304,2764
3.813,3.121,1512,18,1976,1091,4155,82,1555,1935,1690
6.824,7.793,1313,57,3235,1257,1862,82,1026,2161,1032
3.456,0.818,4154,158,8204,2855,3337,94,1563,3670,1763
8.731,9.300,15642,578,26249,9772,6370,232,3412,7265,3007
5.774,4.800,32387,982,43170,17318,11057,413,5528,9623,4340
10.857,2.632,22785,624,29097,12017,15870,445,7384,12392,5896
2.725,8.429,13231,440,19172,7957,18544,501,8641,13464,6273
12.870,5.042,13560,368,18848,7464,22579,546,9726,14592,6681
5.609,14.000,18280,394,24134,8717,24597,556,10322,15254,7891
6.582,4.100,18546,374,25603,9210,26418,556,10938,15975,8210
24.851,0.750,17302,355,23539,9071,30448,604,12580,18101,9858
16.593,3.640,20516,458,27535,9954,32676,577,13782,17823,10415
20.819,7.333,28824,511,36761,12399,35632,625,14145,17844,10689
28.607,4.435,36786,543,42183,14121,35995,645,14050,17650,10691
25.159,1.944,30994,372,34833,11861,33593,504,13373,16644,9943
0.000,2.500,22313,245,24529,9722,29813,490,12031,15292,9204
5.600,4.412,12272,153,14484,6122,19345,438,7284,10979,6295
6.082,10.700,5770,99,8413,4166,13180,282,4483,7207,4181
8.290,20.379,4004,80,6647,2899,10115,173,3882,5664,4128
8.105,22.767,3804,65,5835,2621,9534,130,3849,5129,3581
7.597,23.870,2128,31,2637,1581,5754,88,2288,2771,2760
5.581,19.000,931,34,1777,699,1119,61,728,1266,780
5.367,27.111,1620,57,3083,1172,1948,64,1088,1966,1016
5.588,26.350,4026,143,6587,2638,3014,83,1515,3229,1342
9.685,26.111,6743,236,10647,4452,5446,200,2977,5449,2392
9.884,29.731,9261,281,13867,5895,9214,253,4604,7700,3036
19.309,30.000,11197,321,16170,6746,12421,341,6307,9940,4131
12.794,32.955,12555,325,17228,7449,13569,367,6689,10374,4569
12.448,18.000,14060,277,19707,8090,15184,378,7435,11166,5438
13.394,12.625,14253,352,21278,9043,17201,389,7775,12299,5855
9.885,1.429,16481,442,23695,10877,18839,463,8970,13462,5817
12.932,5.870,17964,394,25662,11863,19314,462,9711,13002,7151
0.000,8.667,19367,343,27349,12194,21438,473,10086,12908,7844
2.682,3.194,19369,296,28811,12955,23048,547,11955,13449,8316
7.837,10.941,17032,292,25390,11531,23803,523,11061,13510,8373
6.543,6.350,15073,246,19820,9468,22921,481,8415,11070,8725
5.667,1.931,9203,166,12825,6048,17003,431,5896,8983,6445
9.209,7.800,5033,150,7558,4323,14402,200,3910,5991,4649
6.355,2.565,4140,87,6474,3189,8797,88,2817,4263,3984
8.510,4.455,4156,74,6224,3118,7432,92,2814,3451,2659
7.279,4.444,2782,43,3624,2153,5419,71,1950,2592,1112
15.926,9.600,573,19,1180,508,2726,140,1122,3802,1508
13.812,20.889,925,29,1867,631,8326,255,3261,9438,4751
23.036,9.192,1523,53,2619,973,27115,1014,12248,27334,15170
26.676,14.500,2668,78,4326,1688,49123,1864,25862,42800,30263
34.862,3.182,4203,129,7543,2904,33211,978,16093,24720,16205
37.264,30.000,5849,175,10428,4136,21191,680,9671,14623,7188
37.705,0.958,6436,178,11350,4797,20824,605,9436,13287,7370
40.659,7.143,7554,191,12975,5416,22554,796,11435,15471,9111
32.333,1.565,7945,206,14322,5986,24850,706,12098,15593,9527
4.978,2.833,9291,264,16124,7000,24023,605,11219,14718,7598
4.489,15.452,10081,219,16490,7398,25662,798,12942,17868,8804
9.486,8.333,9996,244,17481,7581,33701,1174,18103,25553,13593
5.772,13.000,11101,245,19531,8156,44910,1587,26623,38339,22755
11.836,15.500,10185,195,18204,7788,42348,895,22730,32522,21754
8.619,7.323,8337,147,13807,6190,31233,521,15418,20393,14117
7.980,10.217,4489,94,7674,3957,17879,304,7825,11377,7252
9.868,9.455,2989,72,5325,3005,10056,168,4017,6074,4050
16.519,8.667,2201,46,3795,1932,7501,131,2874,4116,2245
19.884,27.800,2258,45,3419,1859,6166,85,2328,3007,1532
18.236,18.667,2352,25,3265,1956,2607,38,1039,1154,605
17.279,6.923,1438,64,3182,1212,2855,162,1275,4010,1609
19.500,18.500,4107,159,8310,2815,8178,232,3354,9793,5200
22.000,43.545,15033,593,26701,9725,27714,1017,13533,29373,16664
16.161,29.333,31497,1011,43142,17243,50222,2023,28211,46371,31386
17.511,20.958,20748,612,25842,11233,33251,1009,16409,25922,17935
0.667,22.429,12351,358,17025,7042,20574,694,10043,15497,7094
4.500,18.478,11908,310,16499,6411,20254,593,10067,14389,7289
1.886,10.500,15230,362,20201,7418,23062,757,12453,16597,9441
6.467,15.355,16147,347,21277,8327,24322,671,12932,17198,8597
3.750,14.222,14167,339,19770,7589,23524,647,12388,16457,7560
5.955,36.450,16202,350,22647,8583,26161,748,14319,19141,9054
5.370,23.900,22825,515,31638,10844,34130,1236,18830,26606,15124
5.275,41.161,35447,628,41811,13089,46235,1579,27337,40326,23256
4.948,67.304,34220,371,36095,11461,44516,867,24284,33770,21933
7.313,44.818,22555,254,22726,8656,34031,530,17720,22363,14617
5.534,51.056,10793,129,11842,5301,18547,316,8498,12032,7722
7.140,38.600,4910,84,6492,3267,10804,195,4444,6674,4097
5.057,76.222,3172,52,4489,2069,8509,131,3477,4902,3628
4.263,39.538,2348,25,3403,1476,6709,90,2865,3656,2590
13.404,40.625,867,14,1375,695,2630,48,903,1209,1122
8.947,41.727,1450,66,3279,1089,2633,145,1213,4065,1677
25.808,15.000,4320,174,8656,2891,7985,222,3229,9597,5109
0.000,11.958,16034,654,27970,10180,26353,1061,12822,27999,15780
11.839,26.000,33391,1083,45120,18236,48721,1774,25952,43277,30326
9.684,8.182,22879,684,28194,11901,32834,1010,17063,26018,18940
8.357,1.400,12468,377,17763,7605,19963,662,10026,15143,7110
21.109,8.903,12202,335,17203,6977,20851,728,10214,14573,7359
27.373,9.105,16263,370,21163,7862,24185,852,13967,18722,9932
20.860,23.056,17026,369,21983,8714,25472,792,13876,18729,9940
28.065,17.103,14695,353,19724,7683,25778,704,13154,17616,7915
29.697,19.033,15954,386,22646,8497,26095,890,13887,18996,8820
36.392,12.842,22982,450,31971,10870,35284,988,18246,22893,14314
33.188,32.400,34995,612,43553,13723,47011,1399,26328,28858,21904
31.288,33.125,36148,401,38396,12687,46242,882,24470,26336,21897
45.563,7.867,24902,294,25329,9306,34379,554,17809,21994,14762
75.151,31.875,11393,137,12265,5245,19222,321,8667,12427,7964
56.217,23.792,5094,65,6766,2780,11226,169,4299,6847,4113
58.328,14.800,3372,46,5204,2174,8758,123,3749,5147,3300
32.310,13.067,3083,37,4203,1804,7057,94,3164,3847,2214
14.500,0.333,1034,14,1433,799,3241,36,1231,1396,1081
5.279,3.864,1433,60,3697,1118,2460,135,1348,3970,1612
11.000,11.857,4262,158,8607,2701,7949,243,3305,9649,5236
14.544,1.579,16089,598,27609,9580,25348,1021,13422,29099,16703
16.596,8.333,32164,1040,43126,16075,51637,1990,28004,45750,30732
26.061,3.233,20878,592,26408,10928,33825,998,16760,25726,17476
13.339,10.056,11691,360,16776,6779,20646,726,9913,15280,7681
17.184,12.500,11284,286,16297,6242,20940,687,10238,14258,7581
17.235,9.500,15900,357,21779,7423,23506,799,12959,16578,9714
26.074,11.267,15961,291,22227,8269,24730,769,13605,17833,9530
20.884,11.000,14789,355,20609,8225,25096,574,12355,16702,7661
26.855,1.182,17143,403,23727,9076,26629,797,13976,19581,9357
26.103,20.667,23390,461,31487,10741,35993,1229,18833,27085,15210
34.362,11.947,30789,579,38522,12436,47111,1546,27282,39174,23048
22.250,8.750,30541,347,33903,10784,45633,964,24353,32847,21914
29.951,9.808,21485,241,23351,8467,38256,600,17531,22216,14745
23.659,3.143,10754,140,12408,5530,22363,337,10033,12651,8414
3.667,7.545,5225,76,7382,3582,12727,173,4963,6949,4444
5.667,0.667,3745,53,5758,2289,9533,130,3887,4910,3463
6.625,2.304,3373,42,4616,2034,7937,96,4026,3923,2425
9.786,8.571,1324,16,1692,957,3462,35,1425,1484,1202
8.053,3.348,1495,52,3471,1069,2608,129,1227,4024,1691
12.866,2.611,4049,158,8233,2625,7287,249,3169,9338,5096
7.290,16.258,15156,555,25166,8712,24372,1023,12690,27829,16096
9.102,13.000,32546,1020,42813,16690,45598,1868,26485,43226,29194
6.868,17.450,21493,586,28001,11203,29969,1046,16350,25483,16404
13.259,28.367,12165,378,18874,7354,19899,772,10832,15591,7039
11.290,26.226,12221,357,17695,6897,20916,711,10688,15083,7863
11.982,25.217,16046,368,21350,7846,24639,833,14435,18729,10525
20.029,11.636,17237,388,23580,9207,26044,691,14022,18373,10418
21.534,40.444,15609,362,21867,9028,27144,703,13100,17767,8479
27.375,15.700,17703,371,24421,9243,30266,959,16107,22283,10908
25.836,13.444,24082,444,31863,10788,40670,1135,21970,30785,17597
12.386,12.654,34776,602,41668,13143,47015,1343,26337,36799,22731
0.000,20.875,34362,359,35782,11850,41810,896,21890,29118,20018
2.205,14.500,23109,240,23560,8875,35472,593,16985,21307,13825
1.082,23.333,12021,128,13800,5342,21487,327,9322,12713,8908
6.029,8.625,6124,86,8192,3272,13405,191,4964,7771,4806
9.912,13.143,4287,49,5963,2460,10437,134,4054,5825,3758
7.910,1.739,3616,44,5073,2103,9249,112,4240,4731,2988
7.935,2.056,1556,20,2080,1013,4796,52,1837,2052,1808
9.122,5.968,1443,63,3162,1221,1787,67,1111,2189,1047
5.868,12.556,4131,149,8072,2772,3307,70,1676,3693,1778
8.056,8.947,15935,593,25698,9340,6162,226,3319,6921,3074
9.333,8.067,32660,991,42383,17158,10336,365,5257,9404,4251
11.036,11.548,22089,578,26065,11413,15662,436,7242,11743,5694
9.706,10.261,12306,385,17854,7386,18210,513,8801,12972,6103
11.069,14.727,12690,349,17756,7068,21980,521,9836,13806,6601
8.514,11.611,16576,364,22084,8336,23666,566,10589,14618,7503
12.623,8.500,16610,359,23428,8584,26070,601,10928,14791,8018
2.545,20.444,15499,339,21688,8380,29841,547,12493,16999,9530
0.000,13.192,18643,429,25568,9327,32102,630,14472,17445,9902
4.955,20.625,26742,490,34553,11701,34708,633,15190,17285,10172
5.306,24.727,35314,518,41023,13781,34515,610,14507,16825,10532
3.600,25.333,29972,331,33871,11820,32407,561,14585,15935,9373
8.474,5.000,21789,276,23971,9388,29194,465,12482,14488,8761
4.701,1.286,11508,152,13727,5842,18667,319,7506,10246,6193
10.774,6.435,6119,113,8167,3959,12033,171,4639,6907,4096
15.878,6.444,4221,76,6410,2779,9924,119,3995,5687,4250
17.147,3.633,4033,52,6066,2600,9077,116,4100,5170,3359
10.407,5.167,2173,20,2767,1419,6191,62,2309,2815,2777
18.000,5.947,883,28,1810,673,1130,52,657,1249,802
17.545,13.500,1703,57,3199,1056,1816,62,995,1945,955
13.029,13.645,4209,132,6458,2526,2779,87,1526,3002,1368
31.241,10.522,7017,225,10127,4167,4742,151,2521,4674,2246
15.986,1.818,8618,244,12771,5198,7548,245,3805,6721,2855
19.180,12.889,9849,265,14560,6149,10924,288,5346,8840,3873
24.273,8.300,11073,270,15875,6572,12649,344,5900,9739,4277
5.667,20.556,12813,270,18230,7339,14536,414,6657,10579,4984
11.341,12.962,12963,302,19776,8360,16145,360,6650,11479,5386
3.340,4.000,15164,391,21987,9731,17080,420,7185,12298,5487
4.114,3.818,16222,385,23262,10814,18185,487,7938,12674,6558
9.754,0.000,17003,313,23967,10967,20748,466,7778,12220,7659
8.925,2.625,17613,308,26148,12027,21410,548,8546,13691,7992
10.000,10.571,16231,267,24175,11059,22892,477,9063,12942,8147
8.388,10.167,14764,233,19509,9384,20717,394,6957,11298,8408
11.971,9.778,8510,183,11615,5964,16646,217,5356,8659,6201
11.000,5.742,5347,99,7886,4361,13068,133,3614,6178,4675
9.884,13.556,4333,101,7023,3109,9059,96,2610,4165,4152
10.945,12.632,4490,90,7212,3067,7237,82,2669,3390,2656
7.765,10.933,2976,40,3843,2161,4997,58,2008,2513,1143
10.448,31.548,596,16,1104,423,2651,144,1196,3845,1617
6.042,19.913,1015,28,1833,611,8158,232,3187,9401,5173
8.645,6.818,1618,48,2581,874,27102,1020,12630,27447,16532
7.932,10.556,2642,74,4128,1648,50512,1921,26055,43506,30484
3.333,8.750,3576,105,6629,2571,31925,1051,16106,24994,17514
1.789,5.111,4724,145,8996,3393,21327,717,9146,14446,7118
3.156,7.423,5690,179,10343,4356,19946,589,9620,13418,6990
5.145,9.500,6762,169,11707,4932,23094,843,11807,16266,9225
3.596,5.045,6644,174,12456,5430,24747,770,12008,16646,9144
2.576,23.333,8046,197,14319,5992,23768,586,10870,15261,7070
3.375,17.625,8257,208,14644,6832,25196,851,12449,18054,8761
6.822,14.286,8011,215,15115,6747,33933,1178,17481,25668,14280
6.683,4.000,8804,206,17144,7466,45575,1703,25615,38372,22645
9.796,2.278,8540,208,15886,6780,41875,1000,21775,31354,21686
6.552,5.581,7041,160,11664,5708,30581,609,15215,20282,13681
10.222,3.667,4283,103,7385,3878,17350,352,7641,11019,7295
7.745,10.950,2805,65,5256,2960,9765,188,3751,6163,4047
13.466,11.600,2183,39,4025,1837,7543,123,2998,4202,2735
13.867,14.645,2141,42,3493,1714,5654,65,2259,2916,1841
14.487,8.609,2477,42,3070,1859,2545,30,898,1140,702
15.143,2.000,1431,68,3097,1326,2674,138,1198,4083,1633
0.000,7.778,3917,153,8527,2892,7997,245,3206,9609,5052
4.733,10.950,14279,597,26830,9332,28610,1060,13451,29561,16313
3.541,15.667,30484,1039,43075,16981,52615,2120,28443,46250,30965
3.300,8.462,21013,582,25577,11085,33046,1077,16840,25954,17587
9.737,1.750,12026,362,16221,6919,19798,731,10331,15439,6877
4.985,4.500,11550,323,15891,6356,20009,640,10345,14481,7144
8.431,5.750,14893,341,19515,7136,23013,872,12830,17092,9550
6.240,3.167,15526,349,21073,8184,24996,759,13245,17398,8806
8.853,6.333,13985,339,19155,7471,23827,708,12102,16352,7667
12.226,4.136,15667,358,22128,8440,25888,836,14071,19677,9080
9.697,3.467,22075,474,29857,10218,35589,1353,19893,27557,15289
16.204,1.355,34878,638,40924,13231,47201,1685,28381,40976,23574
13.092,2.053,34189,382,36029,11461,44380,1011,24733,34372,22442
25.881,30.944,22051,225,22216,8208,33868,610,17925,23658,14588
24.972,18.690,10511,117,11737,5115,17841,346,8556,12092,7773
17.032,18.548,4904,78,6486,3355,10096,186,4153,6399,4002
11.523,16.947,3001,57,4399,2107,8234,137,3387,7353,3671
0.000,17.200,2412,45,3593,1567,6649,88,3272,3886,2432
13.711,6.188,762,17,1212,666,2689,35,954,1147,1059
18.000,16.313,1465,55,3056,1264,2534,139,1238,3971,1614
11.155,16.000,4397,163,8432,2977,7263,232,3312,9354,5094
15.702,6.130,16813,629,28442,9980,26092,1070,13310,29138,16844
20.061,3.200,35328,1094,47853,18412,47655,1870,26764,44304,30977
21.855,2.563,23163,595,29149,11667,30178,1081,17379,26172,16949
30.694,27.333,12457,384,17454,7298,18997,728,10288,15164,7254
30.500,1.818,12463,369,16540,6679,21246,695,10524,14800,7595
31.889,16.714,15493,359,20309,7733,25361,1020,14815,19080,10083
26.884,8.000,16371,381,21753,8756,26843,783,14101,18780,10051
30.691,2.600,14228,350,19440,7631,25569,725,13221,17784,7868
44.206,9.774,16218,361,23130,8216,26606,892,14304,19183,9249
43.034,5.333,23658,459,31781,10789,34905,1156,19074,26178,14609
64.903,37.050,35803,650,43272,13445,45367,1440,26171,38248,22279
77.492,27.967,35352,434,36964,11962,45201,929,25806,33662,22007
88.727,51.645,23992,244,24570,8908,34300,609,17555,23309,14906
15.000,37.261,11334,163,12785,5107,19182,319,8996,12548,8062
8.356,34.636,5534,93,7329,3232,10619,178,4352,6701,4233
10.783,23.778,3771,56,5274,2272,8953,115,3652,5106,3657
9.478,38.300,3238,46,4074,1885,7050,84,3733,3923,2423
14.232,25.444,1057,14,1417,751,3052,50,1236,1410,1007
15.119,40.808,1393,60,3120,1176,2760,140,1246,3799,1659
10.161,48.000,4396,147,8431,2860,7891,229,3250,9812,5239
14.958,39.818,16037,637,26445,9701,27833,1087,13836,29692,17094
18.412,4.000,32834,1095,42847,16611,53309,2069,28299,46153,31867
20.370,16.833,22550,645,26647,11632,31869,1024,16754,25733,17619
17.824,4.000,12451,416,17307,7330,20511,733,10326,15114,7624
22.673,1.130,12478,357,17316,6657,19551,783,10357,15023,7713
22.603,12.667,17288,414,22957,8081,22520,790,13914,16906,9925
25.724,8.000,17053,331,23078,8698,25195,760,13924,17902,9869
29.625,17.389,15749,388,20697,8302,25085,665,12504,16883,7976
31.508,4.550,16715,409,22877,8793,26825,859,14460,19675,9532
38.386,16.567,22302,456,30502,10164,35336,1365,19550,27583,15282
34.667,22.387,33221,619,40885,13194,47002,1622,27437,40110,23545
11.070,7.609,34603,402,36849,11966,43022,1013,24503,33788,22113
6.020,11.818,23865,250,25028,9204,35912,636,17977,23804,14755
5.457,0.389,11956,167,13051,5780,20514,322,9724,13700,8530
4.304,4.250,5626,82,7485,3841,12668,201,5006,7718,4414
5.194,7.556,3875,58,5845,2461,9607,110,3576,5263,3734
2.952,0.640,3422,55,4389,1963,7678,105,3322,4380,2599
18.959,2.556,1375,20,1738,883,3423,46,1483,1548,1330
6.279,10.227,1456,54,3081,1094,2846,120,1360,4015,1640
8.815,19.333,4130,153,8292,2812,8126,237,3101,9439,5086
11.072,12.958,16244,633,26895,9635,26887,1065,12972,28284,16424
10.473,2.714,34761,1128,45282,17839,47904,1983,26765,43753,29997
19.851,0.391,22619,624,27487,11795,32772,1097,16420,25946,17826
16.458,1.389,12411,374,18242,7316,21568,716,10855,15737,7437
11.403,3.290,12167,346,17203,6496,22971,747,11003,15574,7993
14.492,11.111,15932,356,20768,7524,25853,942,14578,19402,10760
5.636,6.579,16007,348,22019,8125,29546,883,14464,19156,10729
0.000,8.600,14638,335,19958,7710,27835,757,13064,18314,8634
2.200,6.871,16473,340,23434,8589,32761,1033,16326,23322,11067
1.347,10.913,23201,469,31914,10613,45069,1268,23472,32329,18164
3.056,8.300,35035,680,42167,13487,52198,1425,27254,38190,23429
2.125,8.889,34956,392,36714,12195,45846,999,22906,30599,21086
1.687,5.100,24244,280,25142,9537,38071,604,17736,22189,15097
2.095,6.222,13116,163,14459,5805,23899,371,10148,13542,9220
6.260,7.038,6365,87,8245,3830,14679,249,5938,8057,4884
2.779,13.125,4390,63,5829,2559,10821,149,4257,5684,3875
4.037,4.273,3955,62,5137,2010,9267,122,4644,4913,2867
6.522,2.667,1517,15,1974,992,2573,31,1451,1274,1378
4.393,6.208,1457,61,3094,1141,1596,66,844,2033,977
6.179,3.167,4143,155,8155,2747,3099,90,1457,3556,1666
5.881,0.773,16127,621,25857,9316,6652,219,3509,7155,3652
7.042,0.722,33668,1044,43239,17176,10938,421,5795,9500,5199
8.508,3.367,23017,640,27312,11696,15491,452,7672,12020,6326
2.568,5.111,13217,434,18473,7716,18376,532,8969,12617,6555
0.000,8.105,13356,384,18747,7293,22026,607,10223,13961,7075
6.068,7.167,17799,388,23261,8453,24692,546,11222,14848,7875
2.510,4.000,17335,364,23926,8483,25517,514,11150,14988,8586
2.352,12.435,16295,364,22107,8368,28417,618,13073,17023,9916
3.818,7.727,19677,444,26215,9330,30614,591,14760,17630,10954
4.227,1.278,28356,488,35111,11810,34221,602,15737,17612,10886
2.934,5.050,35539,571,41450,13539,35996,696,16001,17227,11395
4.556,4.000,30394,345,33464,11321,34076,530,15769,16687,10408
5.943,6.385,21859,276,24466,9470,31831,485,13550,16064,9937
9.596,2.750,11782,168,13994,5949,21256,381,10030,11991,7032
8.652,5.000,6247,117,8707,4006,16172,232,6623,9193,4965
7.241,1.667,4381,63,6526,2723,13106,194,5908,7295,4876
11.667,2.542,4283,77,5764,2721,11877,152,5978,6376,3919
19.729,17.143,2133,26,2780,1306,6513,101,2716,3090,2828
14.029,1.087,876,35,1804,573,2380,36,871,1430,1064
10.631,1.056,1682,61,3225,1057,2262,60,972,2110,1068
4.533,6.774,4188,154,6655,2510,2757,95,1486,3196,1288
0.000,0.944,7076,210,11061,4496,4753,153,2637,4840,2097
4.868,3.700,9045,282,13486,5393,8403,261,4444,7213,2891
3.395,11.433,10108,300,15465,6174,11665,316,5847,9006,3823
1.016,4.129,11719,259,16409,6760,13524,359,6417,9786,4372
3.931,5.043,13203,276,18564,7369,15383,409,7505,10432,5203
3.682,0.182,13670,283,19541,8302,16370,394,7903,11536,5463
1.472,0.278,15632,401,21672,9767,17331,467,8819,12448,5544
3.292,13.167,17265,351,22977,10612,18113,487,9848,12078,6481
1.623,3.000,17933,325,24283,11365,21316,454,10277,12019,7589
3.000,8.385,18465,298,25931,11804,22937,501,11141,12948,8255
4.441,6.125,16760,255,24791,11298,23669,468,10437,11827,7891
4.727,9.773,14857,240,20378,9973,23343,383,8499,11142,9173
5.269,2.000,9070,194,12829,6409,17924,232,5964,8424,6327
0.898,5.792,5312,168,8024,4331,12061,150,3193,5290,4358
4.148,7.000,4197,86,6788,3064,9225,70,2828,4024,4054
4.116,5.348,4428,85,6848,3136,7683,81,2956,3239,2635
11.375,1.118,2970,49,3839,2042,8418,101,3003,3144,1322
0.000,5.688,619,17,1217,439,2550,133,1139,3796,1606
1.767,6.556,1011,29,1913,607,8050,241,3274,9290,4952
7.026,4.579,1700,54,2603,944,27813,1009,12744,27492,16614
1.180,16.967,2939,73,4614,1770,50918,1975,26833,43717,30419
1.696,20.419,3990,118,7393,2557,34550,1054,16868,26100,17605
2.385,16.435,5143,151,9552,3491,22400,761,10220,15671,7466
2.053,11.700,5495,173,9933,4048,22139,679,9954,14191,7076
3.927,10.632,6079,162,11566,4861,25275,909,12658,16673,9416
5.149,14.700,6701,213,12249,5279,25775,828,13509,17186,9159
5.925,20.111,7535,212,13791,6071,25171,659,12591,16113,7186
6.815,10.120,7768,232,14460,6480,26709,812,14960,18613,9022
9.250,2.000,7790,226,15463,6798,35790,1146,19750,26150,14412
10.188,14.810,8616,216,16695,7064,47726,1597,28038,39389,22994
7.500,3.200,8620,204,15194,6440,44275,1023,24965,33495,21730
6.574,4.560,6953,127,11742,5456,33780,576,17584,21966,13991
3.108,13.800,4596,93,7992,3858,17401,300,8618,11063,7350
9.182,4.952,2911,62,5537,2915,10105,180,3830,6017,3808
17.667,7.000,2325,36,3948,2039,7477,126,2915,4193,2320
2.395,5.233,2407,45,3816,1840,5510,93,2035,2741,1750
4.680,4.263,2470,30,3328,1992,2681,27,852,1109,645
3.042,3.118,1366,53,3001,1183,1956,115,968,3313,1134
2.145,2.633,4200,164,8122,2712,5890,178,2650,8438,4138
5.846,4.194,14729,614,25793,9039,19386,610,10509,21505,11614
4.459,9.150,31565,1023,42123,16610,29490,1074,18115,29078,19699
3.796,0.375,21222,574,26035,10969,20356,672,11567,18265,12088
7.114,4.706,12325,349,16531,6785,13794,452,6976,10968,4258
8.712,5.250,11649,319,16032,6333,13947,436,6617,9759,4359
23.232,10.875,14702,353,18953,7075,15804,454,6750,10996,5183
23.519,2.739,15081,357,20470,8030,17300,255,7366,12011,5424
19.077,0.167,13777,311,18243,7333,18967,268,7265,11598,5111
26.271,5.067,16020,309,21526,8523,20400,331,8702,13920,6545
15.652,0.000,21500,449,29358,10429,27433,447,12519,20322,11192
17.047,4.708,33966,605,39723,13180,32178,414,15057,24286,14824
15.578,13.800,32956,374,34065,11400,27994,363,12194,16319,13247
25.000,2.684,21794,223,22257,7866,19634,241,7362,5943,8251
4.568,9.125,11082,145,12034,4402,11757,160,4162,2750,3862
5.714,5.875,5405,93,6877,2548,6870,119,2546,1466,1930
3.043,9.778,3405,53,4883,1708,5512,69,2335,1097,1867
4.527,4.684,2499,41,3452,1468,4200,58,2018,1065,1324
11.424,14.400,568,7,966,624,2067,34,750,787,503
13.783,8.194,1449,58,2996,1081,2542,136,1132,2988,1626
16.259,4.565,4258,157,8397,2870,7404,228,3229,9478,5152
24.464,10.100,16078,633,27159,10166,26854,992,13235,28735,17036
15.942,6.737,33386,1126,45198,17912,49004,1765,26123,43329,31181
18.536,8.350,22154,621,26931,11265,32715,1042,17316,26321,17575
18.981,19.000,12523,385,17229,7272,20993,823,10837,15438,7307
21.338,3.080,11923,339,16185,6616,22399,729,10996,15652,7555
25.593,4.125,15212,369,19849,7497,26170,1075,15259,19908,10540
18.886,2.864,15520,330,20760,8375,28778,872,14931,19238,10296
21.453,1.600,14035,360,19067,7672,27229,767,13840,17887,8409
13.311,10.240,15488,334,22717,8169,27975,881,15488,19500,9530
0.000,4.400,21846,453,30624,10563,37326,1079,20458,26584,15688
4.295,10.130,34271,618,42073,13215,47155,1385,27531,37620,23395
4.960,1.778,34617,395,36263,11827,44851,941,25971,33426,23950
6.085,9.688,23541,244,24567,8872,33251,478,18284,21211,16277
4.655,5.667,11420,141,13093,5287,18330,326,10333,11650,8532
5.515,13.632,5266,78,7155,2973,11198,206,6184,6907,4452
8.850,11.467,3869,53,5388,2154,9117,114,5610,5055,3788
9.537,5.194,3037,35,4487,1813,6711,100,3568,3705,2723
13.886,1.739,1108,18,1607,704,2327,31,756,640,1033
10.596,6.200,1471,55,3458,1177,2712,130,1232,3615,1728
15.841,14.895,4352,146,8314,2820,8303,239,3374,9910,5306
8.963,3.700,15568,616,27082,9615,29574,1112,14084,30105,18234
18.492,10.111,32442,1048,43303,16768,55233,2075,28863,46833,34850
16.898,4.542,21629,611,26587,11205,35249,1123,17987,26896,18922
17.071,1.000,12324,338,16903,6975,22191,773,11014,15805,8850
25.031,3.048,12327,326,16654,6327,21683,758,11221,15137,7945
15.956,0.400,16705,350,21579,7771,25666,823,14575,18156,10557
0.000,4.000,16915,327,22642,8688,27997,866,15311,18295,10891
3.068,3.800,15492,386,20895,8397,27135,721,14073,17010,9064
2.860,5.043,16396,387,22234,8838,29151,853,16484,20321,10152
7.070,7.167,22223,450,29529,10645,39026,1288,22348,28892,16373
11.218,8.000,32719,606,40198,13524,50845,1611,30578,41119,24910
24.470,10.778,33890,400,35976,12133,47170,980,26327,34003,24120
44.475,15.222,22871,260,23510,8999,33916,506,19202,21846,16223
48.574,31.100,11732,136,12798,5499,19728,310,11046,12558,8778
54.986,22.531,5436,79,7492,3633,12640,203,5514,7459,4646
34.353,19.522,3966,52,5717,2245,10264,129,4019,5463,4014
52.826,13.111,3462,51,4611,1902,8057,105,3909,4330,2763
72.093,15.263,1262,18,1833,906,3572,44,1259,1651,1284
69.508,14.474,1449,55,3440,948,2903,136,1231,4064,1757
76.119,2.889,4305,163,8388,2738,8038,232,3216,9522,5252
76.314,4.083,16314,641,27869,9806,28080,1089,13397,28827,18284
71.469,2.111,34524,1061,45426,17759,49088,2010,27848,45374,34856
67.400,8.650,23029,606,27693,11482,34501,1162,17388,26944,18480
28.333,5.750,12348,363,17502,7073,21799,756,10995,16255,8279
7.045,9.360,12117,321,16778,6369,22427,803,11293,16036,8713
7.286,7.200,16045,329,20553,7277,27157,931,15059,20060,12146
3.789,15.000,16599,339,22475,8531,29648,900,15728,19431,12354
6.000,16.389,14835,401,20020,7863,29402,818,14657,18158,10319
11.727,16.871,16240,362,22557,8530,33296,990,17847,23432,12552
9.885,6.444,23294,503,32278,11031,43820,1225,24659,31924,19132
12.630,20.211,34261,628,42249,13432,51290,1383,28930,38207,24563
15.629,19.133,34257,396,36241,11809,43821,906,23968,29685,21203
17.500,25.219,23643,283,24152,9183,34863,523,18728,20328,15534
17.406,29.130,12148,163,13830,5474,21758,369,11389,12937,9099
27.352,5.000,6105,77,8145,3477,15016,227,6252,7976,5241
22.000,10.316,4232,70,5686,2445,11776,149,5032,6024,4336
28.203,8.700,3600,47,5255,2234,10756,131,4425,5127,3244
25.857,1.800,1397,17,1937,1086,5056,69,1780,2050,2191
35.723,7.440,1420,51,3249,1099,1886,72,908,2215,1113
39.689,4.000,4120,150,8396,2765,3277,94,1628,3916,1817
57.333,3.000,16079,593,26870,9440,6616,232,3788,7474,3320
5.105,0.000,33537,1035,43675,16972,11541,378,6190,10290,5092
5.698,1.640,21455,569,26145,11285,16147,487,8189,12787,6188
6.734,0.000,12475,370,17418,7048,20219,579,9619,13526,6824
9.655,11.130,12689,346,17095,6808,24059,540,11244,14797,7329
11.682,3.389,16687,366,21617,8149,25992,611,12210,16145,8601
9.558,12.875,16546,302,23525,8521,27809,578,13121,16507,9424
12.271,24.667,15879,377,21794,8412,32697,695,15535,18673,10400
7.426,14.737,18085,421,24044,9014,35155,673,17968,18924,11284
9.064,14.733,26481,508,33966,11486,37771,642,18981,18404,11957
15.186,20.281,34874,521,40127,13251,38354,610,18940,18481,12378
10.136,23.130,30512,394,34725,11692,35475,540,18998,16833,11645
11.373,22.500,21832,291,24177,9639,31392,446,15689,15148,10604
7.250,16.474,11836,172,14171,5785,19622,365,9702,10810,7122
8.283,12.100,5957,105,8703,4012,12956,192,5228,6964,4252
15.233,9.200,4455,72,6946,2866,11017,151,4274,5652,4513
22.240,12.360,4082,58,5806,2492,10460,169,4897,5773,4031
0.000,3.667,2093,25,2604,1455,7562,89,2648,3407,3046
3.367,29.143,888,33,1805,658,1318,58,806,1245,864
5.632,9.400,1704,56,3327,1102,2025,57,1108,2091,1019
6.279,15.458,4098,134,6599,2429,2748,88,1416,3016,1457
3.946,17.400,6586,205,10291,4140,4839,159,2516,4606,2213
8.197,4.174,8458,277,12929,5286,8364,249,4452,7185,3222
10.828,7.889,9726,295,14492,6042,11707,343,6265,9280,4211
8.759,11.344,11106,290,15546,6688,13462,410,7062,10216,4902
10.328,8.889,12607,274,18419,7471,16022,438,7987,11247,5662
4.547,12.105,14426,370,21450,8930,17360,424,8481,12013,6359
9.636,8.267,16285,477,23260,10709,19732,487,10126,13133,6849
8.250,15.438,16873,377,23328,11056,19311,549,11350,12926,7700
6.683,7.435,17548,356,24421,11491,22660,551,12029,12299,8787
5.710,14.200,17575,346,26492,12231,24369,620,12645,13195,9778
11.739,17.789,16081,291,24471,11486,24561,549,12912,12687,10148
9.359,5.000,14924,251,20428,10126,21943,399,9439,10069,10076
9.444,4.444,8834,200,12386,6349,16751,249,6899,8165,7164
0.000,13.625,5145,116,8164,4146,12825,180,3874,6089,4789
3.932,3.889,4311,81,6928,3141,9412,106,3203,4608,4552
8.240,23.000,4696,94,6866,3053,7679,86,3084,3854,2958
4.944,3.333,2844,39,3872,2191,6431,78,2623,2983,1165
5.345,3.080,643,15,1179,447,2589,136,1236,3940,1645
7.431,0.400,1012,32,1831,582,8691,283,3417,9810,5356
6.803,2.571,1667,46,2664,912,29707,1066,13841,29550,17767
4.926,2.750,2799,76,4665,1833,52327,2078,27863,45984,35768
5.257,12.200,3877,118,7455,2750,35461,1070,17163,26313,19403
7.596,1.850,5084,141,10228,3618,20894,733,10169,15635,8511
12.449,20.688,5695,161,10839,4170,22150,650,10054,14661,8080
8.630,12.833,6420,185,12334,4965,24337,861,13008,16941,9934
4.892,11.719,7039,192,13618,5496,26508,838,13171,17638,11167
4.305,18.053,7844,220,15126,6497,25143,651,11919,16286,8979
12.246,2.375,8672,220,15436,6680,27333,808,14008,19634,9910
6.953,7.529,8430,225,15794,6848,35809,1155,18965,26831,15558
5.244,2.875,9107,227,17611,7510,48022,1588,27669,40462,25201
0.000,7.375,9088,199,17475,7399,44294,1039,24648,33460,23874
2.000,13.478,7598,173,12970,6447,32416,612,16639,20668,15793
6.140,1.500,4620,111,8382,4460,17272,288,8660,11591,8292
7.429,9.467,3106,68,5717,3171,10928,198,4407,6657,4449
3.945,9.000,2161,45,4170,1929,8629,132,3509,4477,3108
4.530,1.500,2359,51,4063,1936,6282,110,2379,3074,1971
2.783,0.000,2491,30,3350,1958,2577,28,998,1356,811
5.667,1.579,1346,62,3288,1227,2767,135,1232,3998,1749
4.200,1.500,4195,149,8441,2700,8713,244,3449,9892,5574
6.078,10.469,15548,629,27150,9647,31057,1145,14646,30938,19174
6.029,3.222,32853,1003,44783,16965,55705,2169,29965,48525,37683
5.852,8.632,21558,604,26892,11113,33409,1146,17091,26376,19156
6.677,10.400,12209,413,17736,7027,20440,772,10542,15714,7485
4.559,10.031,11890,359,16470,6415,21004,705,10543,14748,7866
8.000,3.565,14714,368,20034,7125,24237,907,13494,17799,10244
7.094,0.500,15562,338,21311,8281,25354,839,13727,17677,10325
6.333,7.263,14040,358,19458,7634,23692,720,12548,17048,8897
0.000,13.850,15964,355,22691,8649,28043,811,14352,20210,9825
4.545,3.600,21988,446,30723,10720,38121,1305,19967,28472,16160
5.660,9.640,35385,646,42415,13576,48924,1654,28850,41894,25160
8.085,1.375,35013,376,37284,11935,45073,1027,24860,34786,23650
8.055,8.545,22775,228,23402,8750,33883,602,17945,21787,16541
8.167,5.400,11367,129,12404,5259,18473,341,9044,12124,8677
11.067,2.440,5129,80,6719,3309,11289,237,4877,6898,4526
6.056,0.400,3585,61,5254,2260,9381,169,3975,5111,4077
6.414,0.217,2567,35,3514,1634,6490,120,3511,3912,2600
10.135,3.889,798,13,1250,719,2653,38,960,1300,1031
11.101,5.500,1424,68,3355,1280,2604,133,1193,3955,1796
9.759,5.778,4290,151,8757,2774,8105,237,3278,9755,5893
7.108,14.053,15897,623,28219,10201,28564,1075,13979,29236,19639
8.966,6.033,34670,1117,46448,18447,50750,1894,27953,45486,36387
9.443,12.406,23209,621,28684,11961,34913,1129,17820,26172,18866
7.547,3.826,12840,405,18195,7548,20764,772,10680,15491,7698
9.400,0.100,12492,354,17481,7135,20903,750,10939,15828,7931
5.667,6.263,15559,351,20823,7934,26051,1205,15173,20293,10992
11.727,6.600,15744,339,22315,8576,27471,938,14191,19412,11252
19.367,2.333,14716,342,20312,7620,26897,811,13895,18086,9630
23.113,11.560,16452,340,23688,8542,27777,911,14623,19745,10266
25.855,0.333,22284,437,31621,10792,36965,1129,20025,27063,15815
24.000,2.095,35574,659,44342,13845,47093,1421,27167,38871,24134
26.590,24.800,35472,404,38365,12542,43821,1003,25279,34047,25421
23.444,0.760,24537,264,25578,9335,33214,570,18461,24610,18102
11.500,0.600,11968,146,13239,5495,18735,320,9015,12977,9435
21.808,2.565,5716,109,7462,3180,10521,202,4289,6592,4622
19.855,7.167,4107,59,5808,2431,9223,136,3816,7593,3698
25.444,4.625,3477,50,4957,2038,8877,128,3784,10564,2980
27.569,4.167,1195,17,1570,833,3135,46,1181,1522,1131
32.153,3.889,1428,62,3472,1121,2637,111,1182,3997,1811
41.043,3.233,4216,166,8496,2677,8425,232,3379,9861,5335
52.500,9.219,16100,603,27358,9793,29311,963,14240,29850,18460
42.044,2.478,32493,1027,42656,16604,53275,1891,28850,47527,34800
15.333,0.300,22284,629,26981,11439,34573,1104,17589,26441,19195
2.795,2.211,12622,389,18080,7184,21056,724,10314,15454,8761
4.271,5.550,12668,309,17716,6717,20938,683,10817,15106,8020
7.803,20.889,16843,365,22973,8004,24554,758,14006,18343,10496
5.927,0.800,17256,379,23940,9018,26361,756,14401,18151,10787
10.288,0.778,16023,355,22298,8702,26395,651,12828,17697,8973
7.066,4.048,16436,413,24710,9048,28817,810,14854,20517,10462
9.717,0.000,22050,457,31942,10567,37157,1231,20254,28798,16119
9.623,0.200,33090,586,41799,13882,49003,1493,27642,40805,24635
9.981,2.600,33999,429,37672,12328,44577,948,25819,33586,23841
11.725,2.348,24290,236,24986,9532,33011,511,18453,21668,16268
14.333,0.889,11977,158,13530,5705,20452,385,10015,12451,8894
12.631,7.839,5493,79,7916,3648,12757,213,5283,7338,4913
23.085,9.556,4134,70,6209,2500,10930,133,4316,5570,4180
18.971,14.632,3966,59,5597,2324,8751,126,4111,4551,2888
12.569,9.533,1504,23,2008,1044,3815,53,1336,1853,1334
10.578,6.156,1415,58,3275,1185,2769,136,1201,4049,1768
25.000,10.217,4295,160,8483,2760,8174,262,3350,9628,5359
8.868,5.600,15791,613,28393,9973,27851,1114,13837,29428,17809
3.952,9.158,32838,1104,45166,18150,53526,2030,27782,46006,32495
7.703,20.900,23145,614,28176,11639,33746,1278,17632,26541,19410
9.672,4.300,11751,381,17355,6552,22335,798,11018,16534,8284
11.621,7.320,12341,333,16835,6180,23189,751,11453,15861,8402
9.096,0.333,15920,392,20377,7025,27258,881,15653,20205,11488
5.875,3.905,16524,351,22888,8147,29330,886,15188,19719,11568
8.115,0.000,15134,414,20231,7629,29762,799,14021,18845,10176
11.149,5.440,16457,431,24016,8573,32690,1000,17463,23903,12622
7.458,4.600,22607,517,32588,10734,43416,1240,22985,31729,18177
10.545,2.609,32881,636,41818,12800,50969,1383,27562,38608,24671
10.314,1.000,32233,404,34801,11279,44841,897,23010,30016,20977
16.150,2.500,21967,298,22767,8569,36473,599,17440,21514,15815
16.467,9.889,12206,154,14077,5786,23187,363,10345,13761,9915
20.907,14.158,6340,88,8317,3847,14438,248,5603,8307,5727
22.640,5.367,4547,65,6143,2721,12996,143,4547,6279,4747
0.000,11.281,3948,57,5146,2236,10698,125,5019,5399,4047
2.400,14.478,1575,19,2172,1155,5062,54,1959,2204,2087
3.395,7.900,1426,63,3219,1153,1846,86,894,2392,1159
3.885,8.684,4005,157,8138,2964,3466,93,1673,3730,1955
0.929,11.100,15627,648,26826,9614,7200,233,3933,7653,3722
6.848,14.400,32989,1087,44085,17518,11902,487,6528,10624,5423
2.121,6.560,21910,637,27475,11614,16497,515,8164,12950,6717
4.648,3.000,12724,387,18992,7777,19324,560,9547,13566,7004
6.060,5.143,13415,364,18169,7387,22938,610,10838,14922,7693
7.792,0.600,17453,391,23048,8506,26377,587,11890,16505,9196
11.939,6.040,17182,349,24617,8825,28552,578,12009,16778,9876
15.365,0.600,16234,355,22909,8740,32718,648,13797,19117,10678
10.603,26.087,19650,458,26832,9655,36216,674,15348,19425,11522
14.677,17.833,27267,488,35723,11712,38147,670,15841,18404,11825
14.928,7.375,34901,539,41440,13395,39436,840,15749,18502,12603
12.797,13.167,30068,364,34693,11592,37530,660,17322,18594,11977
9.733,20.632,21850,349,24720,9815,32942,570,14972,17811,11509
17.667,26.300,11924,165,14467,6227,21230,347,8632,11563,7556
8.432,47.125,6276,105,9160,4082,13836,220,5231,7449,4487
13.740,51.304,4543,86,6874,2974,11816,158,4364,8882,4562
6.389,68.100,4392,69,6305,2640,12305,174,5249,14413,4039
4.036,52.316,2054,28,2679,1478,7846,111,2668,3398,3186
10.246,68.579,918,31,2065,606,1244,43,959,1291,771
5.656,99.778,1705,56,3355,1046,2016,77,1072,2095,1020
10.056,84.440,4100,146,6832,2594,2870,97,1527,3175,1277
8.971,107.111,6756,226,10455,4343,4888,181,2912,4981,2282
4.827,74.571,8537,260,13101,5389,8234,280,4526,7237,3177
9.710,23.500,10104,334,15113,6167,12060,393,6043,9354,4111
7.556,46.320,11553,285,16121,6878,13378,391,6687,10234,4878
7.677,14.400,13237,279,18656,7444,15331,399,7312,11144,5488
13.186,8.143,13935,383,20826,8792,17479,461,7887,12251,6148
12.014,19.375,15243,399,22761,9910,20087,551,8564,12749,6855
10.750,26.933,16731,403,24910,10831,19851,528,9091,12020,7513
4.489,20.053,17464,339,27602,11495,22342,448,9378,11792,7823
4.000,20.118,17628,335,28905,12034,23264,531,10603,13187,9637
4.068,25.233,16188,302,27211,11423,24775,550,11188,12485,9769
1.160,41.000,14925,267,21667,9898,21995,379,8478,10480,10272
2.114,39.474,8939,244,13217,6600,17420,277,5888,8469,7610
6.109,23.667,5463,193,8449,4357,13066,119,3440,5642,4969
4.197,26.706,4430,91,7344,3369,11100,131,3251,4573,4584
9.850,26.438,4804,96,7371,3423,9443,76,3161,4225,3136
3.944,38.500,2891,41,3956,2278,7578,77,2344,3428,1294
13.500,15.174,642,22,1349,487,2463,135,1280,3969,1832
8.538,21.833,988,32,1990,675,8001,255,3441,9718,6156
11.072,8.688,1610,49,2685,930,29780,1051,13911,29529,19164
9.630,4.250,2899,75,4509,1753,53492,2040,28316,46254,37718
13.338,4.250,4022,127,7581,2625,34243,1037,17488,26720,20174
11.932,6.000,5447,147,10255,3759,21517,754,10304,15222,8704
5.586,0.789,6526,194,11397,4555,21810,699,10314,14543,8264
12.125,2.563,7429,236,13122,5381,24452,929,12608,17430,10125
11.333,9.125,7057,222,13249,5513,26636,824,13238,17643,11138
0.000,3.944,7791,232,14423,6200,25048,597,11741,16559,8863
23.455,3.053,8412,204,14841,6632,27013,819,13684,19921,9935
22.320,6.533,8475,199,16215,7689,36561,1192,18825,27588,15211
21.352,19.594,9078,213,17453,7467,48764,1489,27696,41104,25506
20.455,13.304,9446,227,17368,7390,44477,1032,24241,34743,24161
13.818,0.600,7516,169,12801,6222,31545,532,16468,20772,15989
14.050,27.278,4599,99,7998,4200,18108,300,8560,11854,8376
15.074,20.950,2950,81,5651,3148,11613,223,4401,6809,4645
18.771,18.800,2477,56,4405,1889,8701,145,3502,4800,3745
19.212,12.520,2311,43,3839,1924,6258,83,2400,3289,2411
19.725,4.250,2460,39,3299,2081,2949,35,989,1353,1138
25.148,10.318,1335,62,3232,1109,2742,135,1184,4033,1837
21.200,5.800,4034,151,8609,2682,8491,228,3431,10031,6233
23.186,4.920,14907,604,26902,9506,30415,1066,14459,30831,21014
21.957,10.000,31752,1042,44601,17286,55426,2063,29936,48429,38829
32.094,5.000,22995,579,27159,11174,34363,1078,17922,26941,21419
16.578,7.389,13243,378,18341,7133,21064,674,10824,15734,8202
32.667,11.094,12201,311,17184,6553,20944,702,11042,15116,7632
7.045,13.389,15288,373,21217,7485,24763,825,13994,18645,10090
9.020,12.895,16085,333,22723,8425,26025,718,14089,17973,10553
11.690,15.167,14712,382,20400,7849,24988,668,12527,16946,9271
11.873,18.938,16323,352,22687,8587,27190,785,15162,20551,10040
18.045,10.130,22974,480,32474,10917,36902,1161,20567,29042,16504
14.623,5.200,36100,672,43493,13938,49874,1526,29773,42603,25070
14.204,6.263,35237,379,37264,11922,44713,962,25456,34779,24982
7.657,12.100,23208,268,24214,8984,32493,565,18074,22074,16807
13.558,22.667,11158,143,13247,5687,18489,318,9458,12391,9268
9.812,24.720,5260,88,7478,3719,11576,201,5011,7245,4469
14.259,35.889,3501,53,5613,2316,9357,130,4330,5162,3769
13.123,33.190,2835,35,4269,1843,7429,113,3885,4154,2502
12.932,34.200,998,16,1531,814,2958,43,954,1263,1031
11.471,32.280,1465,62,3324,1193,2633,109,1190,3612,1654
14.141,18.800,4227,152,8581,2808,8192,225,3376,9620,5767
14.467,13.609,16514,622,29303,9856,29070,973,13874,29690,18563
6.667,6.611,34549,1068,46275,17995,50862,1837,27579,45713,32391
4.500,3.688,23584,635,28690,12219,33938,1102,17868,26474,18245
7.918,8.222,13580,418,18808,7657,22209,716,10531,15445,7873
16.479,24.944,12773,343,18163,7078,22237,680,11124,15496,7774
27.464,19.267,15874,369,21949,7908,25507,1031,15236,19825,10201
32.712,16.656,16908,377,23857,8990,27467,862,14728,19649,10948
35.705,11.217,15653,344,22489,8547,26485,729,13353,17944,9773
38.852,5.500,17071,405,25259,9261,27726,896,14661,19671,10353
36.232,8.368,23333,487,33806,10935,39732,1095,20690,27534,15521
35.404,16.350,35342,622,45154,13513,46719,1322,26927,38490,23945
31.176,22.889,35740,410,39181,12364,44574,945,24995,33333,23933
28.585,9.640,24809,262,26022,9547,33734,571,18107,22677,17816
35.762,18.889,11990,155,14316,5756,19566,335,9372,13180,9694
35.036,24.619,5819,106,7572,3461,12133,214,5054,6998,4508
31.691,15.500,4449,77,5688,2444,10231,132,4150,5531,4366
31.031,19.840,3466,41,4655,2028,7818,112,4199,4268,2838
29.778,15.200,1314,22,1801,946,3319,40,1287,1489,1240
29.667,8.217,1575,67,3297,1398,2729,113,1182,3909,1845
5.077,4.778,4260,166,8892,2988,8231,233,3377,10018,5858
3.465,6.387,16049,618,26891,9860,,,,,
4.921,13.222,32996,1068,44464,17122,,,,,
14.893,5.421,21985,676,27591,11307,,,,,
9.215,22.233,13361,384,18423,7288,,,,,
3.500,12.000,12644,346,18241,6591,,,,,
8.022,12.435,17411,374,23382,7969,,,,,
7.717,2.800,17324,344,24122,8671,,,,,
10.583,14.211,15920,430,22293,8786,,,,,
9.333,7.000,16990,377,23980,9263,,,,,
6.171,27.300,22505,506,31122,10832,,,,,
9.196,6.240,33881,623,42445,13664,,,,,
13.745,0.000,34626,400,37508,12315,,,,,
11.702,11.952,24081,282,24903,9563,,,,,
6.833,11.000,11932,162,13401,5922,,,,,
15.040,17.360,5545,94,7922,3871,,,,,
0.000,2.800,4427,65,6195,2506,,,,,
7.633,2.087,3980,76,5023,2126,,,,,
4.676,0.333,1561,22,1818,972,,,,,
5.051,3.750,1458,53,3196,1101,,,,,
4.037,17.111,4370,166,8702,2509,,,,,
5.435,18.526,16487,622,27868,9914,,,,,
7.263,6.633,35444,1086,46159,18140,,,,,
3.056,8.375,24010,642,28214,11823,,,,,
9.446,4.261,13386,394,19011,7415,,,,,
13.865,11.100,13188,330,17995,6733,,,,,
15.455,3.842,16204,375,21922,7826,,,,,
6.962,11.650,16600,365,23173,8345,,,,,
11.190,14.300,15496,349,21393,8182,,,,,
16.629,6.840,17087,367,24530,8871,,,,,
7.377,4.111,23946,499,33601,10758,,,,,
9.222,6.429,35410,622,44134,13965,,,,,
9.043,0.400,35338,413,37784,12341,,,,,
5.667,11.160,24591,293,25177,9661,,,,,
5.727,4.200,13089,170,14731,6091,,,,,
8.200,2.478,6166,108,8513,3921,,,,,
12.653,2.056,4546,66,6399,2734,,,,,
10.400,7.719,4307,87,5147,2410,,,,,
10.508,12.500,1674,26,2097,1110,,,,,
15.525,5.000,1640,55,3477,1149,,,,,
14.685,11.400,4173,151,8534,2671,,,,,
21.086,5.750,16046,618,26713,9378,,,,,
28.808,7.043,34217,1028,43834,16815,,,,,
18.812,4.900,22077,643,27145,11135,,,,,
25.370,9.526,12855,352,18616,7592,,,,,
21.154,9.632,13062,361,18503,7089,,,,,
25.915,11.750,16728,373,22668,8349,,,,,
23.159,7.320,16576,343,23928,8506,,,,,
23.688,5.143,16112,363,22798,8724,,,,,
16.022,8.143,19155,434,26690,9521,,,,,
26.000,10.600,27045,474,36503,11766,,,,,
8.886,10.520,35126,546,42479,13929,,,,,
8.920,2.000,29768,336,34330,11694,,,,,
9.056,10.632,22086,295,24419,9788,,,,,
8.164,7.400,11918,186,14288,6210,,,,,
11.530,8.172,6393,108,9094,4231,,,,,
8.803,8.842,4896,65,7169,3117,,,,,
10.444,10.938,4378,72,6069,2812,,,,,
12.729,4.071,2083,26,2888,1538,,,,,
8.538,10.969,1009,27,2296,768,,,,,
9.493,8.667,1755,53,3591,1141,,,,,
10.389,3.125,3926,132,6463,2373,,,,,
10.369,7.200,6372,185,9609,3859,,,,,
14.068,4.133,7969,247,12003,5021,,,,,
13.314,7.750,9105,286,13664,5491,,,,,
7.859,9.773,10408,276,14643,6198,,,,,
1.800,1.500,11465,275,16058,6758,,,,,
4.000,1.000,11986,285,17800,7517,,,,,
,1.750,13677,304,19755,8919,,,,,
,4.917,15190,344,22081,10268,,,,,
,0.600,15788,301,23519,10642,,,,,
,2.263,15834,282,24187,11281,,,,,
,26.429,15020,286,23021,10561,,,,,
,5.533,13923,233,19038,9317,,,,,
,0.938,8351,196,11378,6031,,,,,
,14.400,5133,116,7824,4258,,,,,
,13.500,4171,83,6578,3062,,,,,
,15.250,4590,84,6456,3018,,,,,
,23.227,2883,40,3614,2173,,,,,
,2.600,736,20,1354,479,,,,,
,25.842,1090,32,1952,632,,,,,
,6.600,1787,42,2687,924,,,,,
,12.100,2647,64,4250,1623,,,,,
,40.080,3712,113,6993,2341,,,,,
,61.125,4748,144,9255,3347,,,,,
,44.500,5569,161,10160,4071,,,,,
,77.200,6201,177,11301,4743,,,,,
,8.680,6516,192,12548,5313,,,,,
,10.400,7419,208,13603,5955,,,,,
,2.391,7716,213,14271,6557,,,,,
,6.722,7355,208,14245,6425,,,,,
,15.250,8504,219,17095,7338,,,,,
,5.944,8485,219,16147,6868,,,,,
,14.526,7233,158,12122,5786,,,,,
,23.100,4350,111,7878,4155,,,,,
,15.125,3129,81,5811,3044,,,,,
,23.739,2263,40,4178,1894,,,,,
,6.500,2214,47,3552,1954,,,,,
,12.842,2390,38,3101,1869,,,,,
,3.700,1371,64,3334,1294,,,,,
,5.222,4020,146,8228,2670,,,,,
,7.400,12329,411,20497,7049,,,,,
,15.000,28061,868,36246,13862,,,,,
,15.667,19492,547,23425,9866,,,,,
,7.200,11348,381,16325,6505,,,,,
,6.792,10885,326,15129,6061,,,,,
,0.200,13141,338,17574,6815,,,,,
,5.565,14067,333,19692,7882,,,,,
,1.611,13981,367,19840,8022,,,,,
,12.000,14834,346,21008,8412,,,,,
,6.167,19040,450,26886,9581,,,,,
,4.611,31337,542,36412,12173,,,,,
,10.367,31269,385,32802,11287,,,,,
,6.969,21451,225,21853,8633,,,,,
,13.522,9859,149,11754,5065,,,,,
,14.000,4642,79,6617,3127,,,,,
,6.053,3090,53,4758,2097,,,,,
,5.500,2482,35,3659,1635,,,,,
,9.889,891,12,1463,816,,,,,
,12.000,1363,63,3229,1241,,,,,
,6.111,4151,156,8380,2588,,,,,
,7.905,13362,473,21586,7432,,,,,
,0.000,30291,1006,38715,14983,,,,,
,2.000,20661,620,25503,10639,,,,,
,1.600,12006,428,16981,6995,,,,,
,,11590,362,16129,6530,,,,,
,,13968,339,18967,7189,,,,,
,,14683,359,20244,8215,,,,,
,,14127,391,20726,8102,,,,,
,,15025,380,22107,8093,,,,,
,,20080,434,28378,9409,,,,,
,,30979,551,38510,12132,,,,,
,,32365,361,35275,10823,,,,,
,,22687,255,23565,8513,,,,,
,,10875,132,11801,5046,,,,,
,,5000,76,6614,2735,,,,,
,,4088,58,5305,2232,,,,,
,,3354,40,4347,1791,,,,,
,,1096,19,1491,801,,,,,
,,1294,64,3200,1264,,,,,
,,3981,169,7961,2608,,,,,
,,13023,543,22325,7554,,,,,
,,30157,1152,41185,15332,,,,,
,,23168,820,30215,12010,,,,,
,,13209,501,20084,7591,,,,,
,,12274,388,18092,6779,,,,,
,,14183,368,20341,7199,,,,,
,,14763,343,21282,8135,,,,,
,,14993,409,21324,8369,,,,,
,,15317,421,22966,8454,,,,,
,,19296,422,28352,9748,,,,,
,,29769,557,38085,12373,,,,,
,,32079,393,35826,11436,,,,,
,,22724,296,24371,9154,,,,,
,,11194,126,12992,5655,,,,,
,,5161,82,7549,3505,,,,,
,,3860,67,5735,2395,,,,,
,,3759,52,4900,2137,,,,,
,,1439,22,1806,896,,,,,
,,1317,57,3105,1230,,,,,
,,4019,157,8234,2596,,,,,
,,13165,461,21560,7257,,,,,
,,30010,984,38344,14870,,,,,
,,21356,566,25306,10590,,,,,
,,12062,410,16877,7002,,,,,
,,11549,333,16331,6242,,,,,
,,14129,339,19398,7194,,,,,
,,14612,339,20440,8008,,,,,
,,14930,375,21310,8232,,,,,
,,15439,397,22845,8714,,,,,
,,20525,463,29454,10149,,,,,
,,31122,552,38875,12265,,,,,
,,32273,358,35404,11581,,,,,
,,22954,279,24357,9653,,,,,
,,11575,171,13454,5487,,,,,
,,5601,100,7763,3668,,,,,
,,4274,67,5967,2473,,,,,
,,4001,63,4921,2272,,,,,
,,1640,28,1996,1108,,,,,
,,1315,54,3026,1258,,,,,
,,3912,159,7787,2452,,,,,
,,12529,432,20159,6848,,,,,
,,27570,908,36019,13999,,,,,
,,19789,597,24350,10521,,,,,
,,11849,336,17258,7250,,,,,
,,11637,324,16424,6773,,,,,
,,14433,332,19863,7733,,,,,
,,14395,352,21183,7990,,,,,
,,14565,358,21542,8380,,,,,
,,16567,396,23983,9046,,,,,
,,22085,443,30550,10634,,,,,
,,29171,469,36391,12182,,,,,
,,25787,318,30768,10721,,,,,
,,18907,248,22255,9098,,,,,
,,10168,175,13146,5719,,,,,
,,5606,95,8467,3885,,,,,
,,3784,74,6217,2565,,,,,
,,3686,57,5490,2396,,,,,
,,1937,33,2551,1357,,,,,
,,829,21,1817,597,,,,,
,,1745,54,3176,1137,,,,,
,,3587,120,5735,2097,,,,,
,,5789,171,8930,3465,,,,,
,,7529,239,11928,4665,,,,,
,,8651,223,13194,5393,,,,,
,,9363,237,13415,5822,,,,,
,,9922,239,14314,6013,,,,,
,,10687,230,16064,6817,,,,,
,,12385,347,18988,8426,,,,,
,,14091,349,20701,9812,,,,,
,,14284,248,21041,9750,,,,,
,,14116,256,22336,9894,,,,,
,,12958,204,20449,9106,,,,,
,,12823,201,18028,8599,,,,,
,,7730,152,11304,5858,,,,,
,,4672,103,7504,3959,,,,,
,,3796,81,6241,2785,,,,,
,,4002,68,5914,2809,,,,,
,,2524,40,3193,1885,,,,,
,,587,16,1128,484,,,,,
,,1060,38,1816,715,,,,,
,,1790,51,2908,957,,,,,
,,2795,82,4678,1661,,,,,
,,3807,126,7447,2567,,,,,
,,4980,131,9476,3390,,,,,
,,5383,152,10146,3743,,,,,
,,6024,158,10881,4681,,,,,
,,5961,175,12028,4898,,,,,
,,7117,195,12907,5758,,,,,
,,7311,200,13636,6383,,,,,
,,7143,180,13731,6426,,,,,
,,8030,196,15556,6674,,,,,
,,7721,197,14484,6337,,,,,
,,7080,158,11824,5451,,,,,
,,4421,109,7689,3700,,,,,
,,2827,79,5615,2919,,,,,
,,2375,51,4226,1796,,,,,
,,2154,42,3505,1763,,,,,
,,2192,39,2834,1824,,,,,
,,1249,53,3070,1170,,,,,
,,3979,157,7673,2508,,,,,
,,12245,413,20306,6942,,,,,
,,27128,846,35741,13695,,,,,
,,19325,544,24049,9909,,,,,
,,10863,322,15841,6500,,,,,
,,10209,305,15146,5973,,,,,
,,12148,297,17249,6408,,,,,
,,13030,320,18672,7447,,,,,
,,12689,347,18915,7642,,,,,
,,13697,357,19833,8055,,,,,
,,17446,426,26126,9075,,,,,
,,28727,497,34738,11324,,,,,
,,28986,352,32043,10660,,,,,
,,20477,226,22053,8450,,,,,
,,9870,123,11721,4955,,,,,
,,4808,79,6664,3278,,,,,
,,2934,63,4552,2080,,,,,
,,2405,44,3499,1570,,,,,
,,500,9,825,447,,,,,
,,1338,54,2833,1200,,,,,
,,3882,147,7348,2376,,,,,
,,12441,463,21083,7319,,,,,
,,27969,964,37624,14033,,,,,
,,19920,596,25027,10317,,,,,
,,11293,430,17008,7104,,,,,
,,10622,343,15624,6331,,,,,
,,12574,354,18030,6954,,,,,
,,13061,330,19329,7605,,,,,
,,12897,331,19311,7732,,,,,
,,14019,339,21371,7916,,,,,
,,17976,438,26954,9110,,,,,
,,28476,526,35953,11781,,,,,
,,30095,346,33691,10773,,,,,
,,22276,270,22829,8609,,,,,
,,10500,124,12509,5083,,,,,
,,5171,82,6381,3031,,,,,
,,3455,53,4938,2205,,,,,
,,2859,38,3965,1843,,,,,
,,1042,21,1576,785,,,,,
,,1238,56,3047,969,,,,,
,,3753,172,7560,2419,,,,,
,,12422,497,20872,7395,,,,,
,,28050,1052,38787,14606,,,,,
,,20806,669,26432,10805,,,,,
,,11655,386,17205,6821,,,,,
,,10884,330,15977,6305,,,,,
,,12866,309,18658,6842,,,,,
,,13664,393,19917,7859,,,,,
,,13684,386,20448,8065,,,,,
,,14369,415,21693,8535,,,,,
,,18411,423,27920,9423,,,,,
,,27592,564,36052,11935,,,,,
,,29501,402,33561,11177,,,,,
,,21281,242,22780,8715,,,,,
,,9774,144,11634,5355,,,,,
,,4823,82,6958,3474,,,,,
,,3514,45,5101,2308,,,,,
,,3143,45,4206,2138,,,,,
,,1283,26,1765,937,,,,,
,,1386,61,3091,995,,,,,
,,3980,187,7969,2521,,,,,
,,12823,549,21322,7406,,,,,
,,29380,1262,38798,15185,,,,,
,,22186,823,27593,11957,,,,,
,,12176,503,17841,7343,,,,,
,,11415,390,16312,6613,,,,,
,,13227,443,18761,6907,,,,,
,,13527,382,19804,7735,,,,,
,,13644,381,20163,7817,,,,,
,,14457,426,22001,8296,,,,,
,,19067,479,28037,9727,,,,,
,,28687,578,36663,11800,,,,,
,,29700,366,33508,10993,,,,,
,,21522,294,22674,8781,,,,,
,,11352,153,13271,5409,,,,,
,,5809,85,7846,3653,,,,,
,,4324,65,5742,2585,,,,,
,,3643,55,4848,2317,,,,,
,,1499,14,2000,1089,,,,,
,,1425,60,3091,1032,,,,,
,,3798,154,7321,2287,,,,,
,,11929,469,20377,7123,,,,,
,,27228,962,36260,14154,,,,,
,,20086,632,24812,10798,,,,,
,,11862,389,17191,7336,,,,,
,,11399,349,16553,6871,,,,,
,,13882,375,20119,7819,,,,,
,,14159,328,21512,7726,,,,,
,,14534,395,21388,8412,,,,,
,,16243,428,23509,9080,,,,,
,,22235,444,30988,10732,,,,,
,,30917,564,38005,12955,,,,,
,,26231,388,31405,11051,,,,,
,,19912,341,23630,9309,,,,,
,,11116,210,14733,6044,,,,,
,,6289,111,9106,4064,,,,,
,,3962,67,6358,2763,,,,,
,,3760,46,5258,2395,,,,,
,,1993,29,2651,1494,,,,,
,,899,35,1905,690,,,,,
,,1718,58,3090,1069,,,,,
,,3442,102,5575,2041,,,,,
,,6035,172,9234,3558,,,,,
,,7927,272,12459,4988,,,,,
,,8843,273,13717,5823,,,,,
,,9687,272,13752,6081,,,,,
,,10347,246,15004,6499,,,,,
,,10766,313,16637,7363,,,,,
,,12888,335,19173,8583,,,,,
,,14104,348,20180,9608,,,,,
,,14574,262,20893,9513,,,,,
,,15100,303,22908,10711,,,,,
,,14386,273,21963,10250,,,,,
,,13405,247,18431,9136,,,,,
,,7732,175,10879,5722,,,,,
,,4746,114,7316,4032,,,,,
,,3866,76,6195,2706,,,,,
,,4009,68,6059,2771,,,,,
,,2747,34,3364,2030,,,,,
,,608,21,1257,484,,,,,
,,994,30,1861,609,,,,,
,,1755,42,2786,886,,,,,
,,2991,70,4758,1781,,,,,
,,3941,113,7504,2511,,,,,
,,4886,133,9682,3523,,,,,
,,5612,189,10610,4067,,,,,
,,6307,178,11813,4853,,,,,
,,6404,187,12443,5341,,,,,
,,7564,205,14213,6153,,,,,
,,8066,215,14688,6335,,,,,
,,7950,178,14915,6087,,,,,
,,8444,208,16816,7342,,,,,
,,8038,185,16165,6767,,,,,
,,7300,155,12587,6220,,,,,
,,4465,106,8427,4111,,,,,
,,2978,74,5645,3124,,,,,
,,2187,46,4074,2077,,,,,
,,2091,44,3480,1864,,,,,
,,2197,26,2986,1743,,,,,
,,1454,63,3071,1181,,,,,
,,4333,172,8856,2853,,,,,
,,15603,670,27332,9835,,,,,
,,32449,1024,44381,17211,,,,,
,,21004,569,26537,10915,,,,,
,,11840,361,16570,6662,,,,,
,,11053,276,15699,5877,,,,,
,,14054,320,19274,7005,,,,,
,,14945,350,20324,7951,,,,,
,,13475,305,18469,7210,,,,,
,,14787,348,20696,7853,,,,,
,,20481,480,29629,9905,,,,,
,,32039,590,39938,12637,,,,,
,,32668,354,35089,11145,,,,,
,,22205,241,23142,8296,,,,,
,,10776,140,12542,5282,,,,,
,,5193,76,6809,3313,,,,,
,,3169,54,4884,2085,,,,,
,,2502,39,3402,1568,,,,,
,,757,12,1363,742,,,,,
,,1407,59,3517,1260,,,,,
,,4394,185,8791,2815,,,,,
,,16847,657,29314,10540,,,,,
,,34885,1155,46544,18407,,,,,
,,21698,641,27686,11585,,,,,
,,12653,391,18333,7573,,,,,
,,11989,362,16701,6700,,,,,
,,15262,408,20379,7766,,,,,
,,15622,352,22196,8518,,,,,
,,14443,357,20315,8031,,,,,
,,16211,365,23242,8528,,,,,
,,21961,466,32737,10765,,,,,
,,34488,628,45546,13873,,,,,
,,34109,431,38244,11855,,,,,
,,23651,254,25989,9157,,,,,
,,11902,155,14386,5702,,,,,
,,5729,89,7658,3402,,,,,
,,3985,96,5753,2478,,,,,
,,3306,50,4746,1938,,,,,
,,1084,14,1509,798,,,,,
,,1425,66,3432,1274,,,,,
,,4382,185,8606,2744,,,,,
,,16531,654,28106,10118,,,,,
,,33680,1089,44622,17171,,,,,
,,22494,601,27816,11482,,,,,
,,12737,414,17706,7301,,,,,
,,12293,331,16715,6480,,,,,
,,16348,368,22323,7897,,,,,
,,16432,366,23014,8604,,,,,
,,15789,381,21272,8514,,,,,
,,16262,347,23460,8949,,,,,
,,22445,461,31257,10531,,,,,
,,33202,601,41003,13388,,,,,
,,33865,407,36547,11483,,,,,
,,24196,278,25403,9340,,,,,
,,10792,152,12907,5769,,,,,
,,4944,84,7386,3438,,,,,
,,3533,60,5562,2468,,,,,
,,3218,42,4649,2113,,,,,
,,1412,16,1779,999,,,,,
,,1072,51,2756,873,,,,,
,,3255,130,5334,2016,,,,,
,,10091,354,14708,6042,,,,,
,,17030,493,18877,8980,,,,,
,,12146,333,13727,6769,,,,,
,,6728,205,8765,4260,,,,,
,,5690,170,6955,3565,,,,,
,,5152,171,7164,3671,,,,,
,,3800,100,8352,4319,,,,,
,,3811,65,8009,4073,,,,,
,,4661,68,9743,4697,,,,,
,,6378,66,12939,5725,,,,,
,,7522,50,13981,6250,,,,,
,,7051,66,10960,4935,,,,,
,,5363,59,7994,4217,,,,,
,,3073,36,4662,2426,,,,,
,,1633,22,2848,1276,,,,,
,,1296,12,2153,930,,,,,
,,1327,14,1843,870,,,,,
,,1065,15,1290,743,,,,,
,,1390,61,3366,1087,,,,,
,,4113,154,8575,2711,,,,,
,,15477,629,27156,9843,,,,,
,,31497,1030,43058,17396,,,,,
,,21671,614,27808,11637,,,,,
,,12935,368,18669,7671,,,,,
,,12818,386,17886,7149,,,,,
,,16244,362,22616,8284,,,,,
,,16082,327,23643,8583,,,,,
,,15400,395,21983,8325,,,,,
,,17920,458,26132,9439,,,,,
,,25625,435,34780,11300,,,,,
,,33706,571,40379,12747,,,,,
,,27854,365,32181,10242,,,,,
,,21088,278,24686,9085,,,,,
,,11282,172,14452,5938,,,,,
,,6031,109,8423,4047,,,,,
,,4052,69,6689,2819,,,,,
,,3603,59,5320,2444,,,,,
,,1017,16,1582,857,,,,,
,,917,34,1983,668,,,,,
,,1809,54,3259,1150,,,,,
,,4407,152,7045,2687,,,,,
,,7255,210,11347,4522,,,,,
,,8994,259,13854,5567,,,,,
,,9824,249,14498,6006,,,,,
,,10753,261,15229,6379,,,,,
,,12389,296,17854,7273,,,,,
,,12759,311,19746,8275,,,,,
,,13864,339,20745,9039,,,,,
,,15344,320,22179,10082,,,,,
,,15773,290,23209,9964,,,,,
,,15847,287,24756,10516,,,,,
,,15191,278,23500,10180,,,,,
,,14810,270,21424,10073,,,,,
,,8802,175,12777,6424,,,,,
,,5202,107,8156,4195,,,,,
,,4076,85,7271,3241,,,,,
,,4244,80,6838,3068,,,,,
,,2726,35,3687,2214,,,,,
,,684,25,1280,435,,,,,
,,1130,39,1858,609,,,,,
,,1845,49,2888,1029,,,,,
,,3049,79,4836,1886,,,,,
,,4292,86,7832,2553,,,,,
,,5447,137,9657,3525,,,,,
,,5851,192,10594,4275,,,,,
,,6497,183,11671,4908,,,,,
,,6781,186,12714,5393,,,,,
,,7512,185,14024,6120,,,,,
,,7762,194,14152,6404,,,,,
,,7942,188,14648,6600,,,,,
,,8753,194,17141,7071,,,,,
,,8319,167,16131,6755,,,,,
,,7321,159,12825,6222,,,,,
,,4665,101,8494,4359,,,,,
,,3068,71,5766,3116,,,,,
,,2302,47,4212,2025,,,,,
,,2253,37,3670,1874,,,,,
,,2431,39,3223,1880,,,,,
,,1364,63,3257,1076,,,,,
,,4336,165,8667,2835,,,,,
,,15404,646,27589,9918,,,,,
,,31859,994,44061,17282,,,,,
,,21124,567,26502,11059,,,,,
,,11972,360,17004,6873,,,,,
,,11288,323,15852,6243,,,,,
,,14233,322,19551,7210,,,,,
,,15252,336,20431,7997,,,,,
,,13410,319,18447,7190,,,,,
,,15465,337,21466,8024,,,,,
,,21143,478,30001,10295,,,,,
,,32829,571,41182,13071,,,,,
,,32814,389,35433,11805,,,,,
,,22277,237,23560,8955,,,,,
,,10504,122,12239,5405,,,,,
,,5171,69,6840,3754,,,,,
,,3426,66,5081,2190,,,,,
,,2505,49,3607,1634,,,,,
,,794,12,1403,755,,,,,
,,1477,60,3440,1250,,,,,
,,4381,163,9061,2969,,,,,
,,17169,654,29363,10578,,,,,
,,35226,1064,47015,18301,,,,,
,,22207,585,27811,11727,,,,,
,,12615,402,17746,7453,,,,,
,,12210,313,16390,6528,,,,,
,,14905,308,20065,7863,,,,,
,,15574,312,21473,8410,,,,,
,,14820,344,19158,7681,,,,,
,,16510,353,22172,8391,,,,,
,,22856,456,31020,10586,,,,,
,,34935,602,42656,13427,,,,,
,,34653,364,36949,11958,,,,,
,,24229,246,25455,9552,,,,,
,,12115,152,13675,5684,,,,,
,,5798,94,7753,3344,,,,,
,,4346,55,6064,2575,,,,,
,,3430,38,4455,2096,,,,,
,,1094,10,1596,851,,,,,
,,1417,46,3464,1105,,,,,
,,4352,175,8965,2913,,,,,
,,16507,586,27924,10038,,,,,
,,32642,999,43051,16888,,,,,
,,23139,606,27877,11528,,,,,
,,12415,371,17434,7164,,,,,
,,12048,322,16936,6435,,,,,
,,16229,364,22392,7884,,,,,
,,16403,320,22676,8128,,,,,
,,15334,375,21197,8520,,,,,
,,16005,329,22795,8887,,,,,
,,21670,388,30254,10258,,,,,
,,32544,546,40355,13645,,,,,
,,32881,341,36248,11998,,,,,
,,23590,229,25771,9900,,,,,
,,11905,136,14134,5987,,,,,
,,5886,70,8681,3835,,,,,
,,4259,53,6486,2913,,,,,
,,3732,57,5243,2344,,,,,
,,1403,16,2059,1058,,,,,
,,1444,62,3398,1296,,,,,
,,4471,175,8881,2914,,,,,
,,16585,603,28411,10060,,,,,
,,34141,1050,45765,17482,,,,,
,,23078,596,28652,12055,,,,,
,,13080,364,18439,7456,,,,,
,,12440,317,17374,6563,,,,,
,,15851,345,20727,7315,,,,,
,,15848,330,22059,7931,,,,,
,,14830,296,20393,7456,,,,,
,,16289,299,22882,8165,,,,,
,,22938,414,31985,10453,,,,,
,,34398,546,42106,12700,,,,,
,,34482,365,36971,12069,,,,,
,,24736,229,26505,9775,,,,,
,,13093,148,15709,6126,,,,,
,,6623,94,9258,3865,,,,,
,,4838,79,7024,2883,,,,,
,,3846,51,5814,2573,,,,,
,,1664,12,2539,1292,,,,,
,,1533,57,3451,1077,,,,,
,,4370,167,8780,2857,,,,,
,,15944,591,27310,9689,,,,,
,,32907,1031,44222,17293,,,,,
,,22736,598,28786,11773,,,,,
,,13021,376,18747,7622,,,,,
,,13027,313,17990,7066,,,,,
,,16617,327,22171,7928,,,,,
,,16160,310,23472,8412,,,,,
,,15059,331,21300,8021,,,,,
,,18381,364,25369,9139,,,,,
,,25787,464,34735,11418,,,,,
,,33742,479,40588,13077,,,,,
,,28761,322,33364,11359,,,,,
,,21896,280,25390,10142,,,,,
,,12184,156,14963,6487,,,,,
,,6295,100,9346,4348,,,,,
,,4620,61,7325,3142,,,,,
,,4375,57,6208,2753,,,,,
,,2252,20,3106,1606,,,,,
,,981,32,1811,609,,,,,
,,1970,58,3458,1194,,,,,
,,4535,130,6989,2658,,,,,
,,7525,225,11179,4489,,,,,
,,9613,286,14403,5827,,,,,
,,10631,276,14836,6284,,,,,
,,10961,273,15231,6460,,,,,
,,12642,275,17761,7183,,,,,
,,12744,278,18837,7799,,,,,
,,14539,331,21133,9133,,,,,
,,15318,322,21477,9876,,,,,
,,15720,272,22995,10239,,,,,
,,15950,273,25495,10864,,,,,
,,15557,276,24090,10839,,,,,
,,14691,225,21242,10115,,,,,
,,9002,166,13248,6627,,,,,
,,5670,116,8970,4428,,,,,
,,4502,84,7442,3400,,,,,
,,4391,69,7095,3246,,,,,
,,2927,41,4065,2338,,,,,
,,640,19,1274,486,,,,,
,,1137,32,1979,628,,,,,
,,2032,53,3047,1112,,,,,
,,3483,88,5411,2054,,,,,
,,5033,109,9054,3139,,,,,
,,5912,161,11131,4137,,,,,
,,6350,185,11206,4499,,,,,
,,7084,176,12310,5179,,,,,
,,7442,175,13402,5757,,,,,
,,8317,184,15004,6597,,,,,
,,8427,201,15065,6588,,,,,
,,8342,209,15799,6566,,,,,
,,9068,197,17055,7129,,,,,
,,8943,166,16326,6945,,,,,
,,8109,157,13680,6530,,,,,
,,5091,99,9013,4463,,,,,
,,3477,65,6261,3140,,,,,
,,2634,50,4509,2114,,,,,
,,2487,50,3866,1909,,,,,
,,2439,39,3388,1996,,,,,
,,1463,62,3203,1059,,,,,
,,4503,167,8578,2885,,,,,
,,16782,616,26988,9659,,,,,
,,34365,1046,41583,16990,,,,,
,,22291,581,29065,11214,,,,,
,,12655,381,17781,6938,,,,,
,,11617,299,16512,6230,,,,,
,,14209,308,19189,6929,,,,,
,,15133,313,20998,7933,,,,,
,,13957,307,19114,7072,,,,,
,,15981,341,22199,8046,,,,,
,,22040,429,31013,10171,,,,,
,,32908,549,41268,12826,,,,,
,,32360,336,35313,11227,,,,,
,,22760,212,24267,8947,,,,,
,,10806,124,12807,5441,,,,,
,,5093,83,7221,3443,,,,,
,,3659,54,5642,2406,,,,,
,,2608,33,3913,1773,,,,,
,,976,13,1614,811,,,,,
,,1457,62,3323,1269,,,,,
,,4669,180,8870,3132,,,,,
,,17702,634,28230,10616,,,,,
,,36367,1079,45439,18771,,,,,
,,24196,618,29033,12119,,,,,
,,13947,433,20576,8155,,,,,
,,12938,388,18144,7117,,,,,
,,15715,348,21256,7796,,,,,
,,15970,371,21988,8265,,,,,
,,14601,334,20414,7539,,,,,
,,16735,374,23629,8625,,,,,
,,23103,453,32506,10453,,,,,
,,33749,615,42274,12956,,,,,
,,33738,369,36294,11363,,,,,
,,24487,233,26204,9511,,,,,
,,11793,156,13650,5692,,,,,
,,5607,97,8133,3299,,,,,
,,4252,62,6462,2614,,,,,
,,3189,42,4818,2111,,,,,
,,1155,14,1790,919,,,,,
,,1356,66,3389,1281,,,,,
,,4681,173,9076,2858,,,,,
,,17162,646,27711,10337,,,,,
,,34885,1017,43638,17232,,,,,
,,23191,607,28377,11540,,,,,
,,12846,355,19026,7295,,,,,
,,12659,317,17879,6724,,,,,
,,16391,323,23651,7956,,,,,
,,16739,334,23673,8547,,,,,
,,15772,357,23044,8456,,,,,
,,16507,359,25102,8897,,,,,
,,22177,420,32773,10254,,,,,
,,32014,529,42306,13209,,,,,
,,32462,369,36928,12087,,,,,
,,23552,271,26382,9958,,,,,
,,12046,170,14490,6317,,,,,
,,5818,69,8796,4150,,,,,
,,4362,55,6396,2688,,,,,
,,3541,39,5120,2244,,,,,
,,1495,23,2199,1088,,,,,
,,1495,66,3670,1108,,,,,
,,4877,189,9185,2982,,,,,
,,17436,628,28220,10374,,,,,
,,34672,1036,45429,18080,,,,,
,,23785,610,29100,11671,,,,,
,,13530,366,19869,7460,,,,,
,,13486,393,18951,6932,,,,,
,,17188,386,22350,7650,,,,,
,,17374,421,23695,8632,,,,,
,,15416,363,21719,7929,,,,,
,,17483,364,24123,8767,,,,,
,,23569,454,33387,10622,,,,,
,,33492,600,41973,12924,,,,,
,,35421,384,39310,12888,,,,,
,,23392,279,25294,9619,,,,,
,,12963,163,15092,6328,,,,,
,,6845,83,9430,3887,,,,,
,,4846,59,6635,2838,,,,,
,,3755,43,5171,2372,,,,,
,,1534,21,2139,1222,,,,,
,,1546,65,3667,1206,,,,,
,,4699,170,8849,2975,,,,,
,,16137,580,26824,9507,,,,,
,,31957,1012,42808,16190,,,,,
,,21923,576,27154,11312,,,,,
,,13569,356,20050,7649,,,,,
,,13373,320,18688,7416,,,,,
,,16781,366,22542,8280,,,,,
,,16296,330,23846,8369,,,,,
,,15506,387,22389,8417,,,,,
,,18838,396,26699,9592,,,,,
,,26244,442,35497,11692,,,,,
,,32463,519,39886,13236,,,,,
,,26981,362,33693,11182,,,,,
,,19767,216,25230,9626,,,,,
,,11228,161,15318,6651,,,,,
,,6540,99,9710,4273,,,,,
,,4100,56,7332,2977,,,,,
,,3924,52,5805,2721,,,,,
,,1974,27,2667,1495,,,,,
,,996,35,1962,663,,,,,
,,2064,68,3709,1291,,,,,
,,4433,121,7112,2604,,,,,
,,7028,214,10655,4242,,,,,
,,9308,209,14563,5496,,,,,
,,10079,260,15709,6181,,,,,
,,10454,242,15551,6569,,,,,
,,10915,253,16382,6695,,,,,
,,10866,267,17852,7396,,,,,
,,12857,347,20475,8847,,,,,
,,13784,289,23035,10308,,,,,
,,14612,289,24431,10798,,,,,
,,15020,299,26492,11470,,,,,
,,13234,251,22198,9613,,,,,
,,12994,200,19094,8759,,,,,
,,7399,133,11542,5872,,,,,
,,4993,122,8178,4225,,,,,
,,3937,93,6466,2913,,,,,
,,3823,57,6462,2856,,,,,
,,2286,34,3187,1942,,,,,
,,516,20,955,394,,,,,
,,1101,27,1775,624,,,,,
,,1857,51,2636,901,,,,,
,,2883,57,4029,1383,,,,,
,,4036,95,6940,2293,,,,,
,,5461,128,10161,3224,,,,,
,,6093,169,11094,4019,,,,,
,,6497,160,11671,4821,,,,,
,,6338,148,12276,4974,,,,,
,,6770,176,13072,5278,,,,,
,,7149,169,14025,5892,,,,,
,,7023,192,14155,6088,,,,,
,,7695,183,15549,6257,,,,,
,,8020,154,16349,6459,,,,,
,,7394,131,13916,6389,,,,,
,,5429,135,10317,5274,,,,,
,,3698,94,7240,3740,,,,,
,,2866,52,5892,2511,,,,,
,,2795,52,5339,2355,,,,,
,,2111,27,3194,1847,,,,,
,,516,20,1141,384,,,,,
,,1107,31,1823,619,,,,,
,,1706,41,3101,1020,,,,,
,,2714,75,4807,1871,,,,,
,,3808,92,6440,2198,,,,,
,,4937,112,8545,3108,,,,,
,,5780,159,9446,3830,,,,,
,,6416,177,10659,4631,,,,,
,,6657,167,11515,5111,,,,,
,,7310,191,13005,5618,,,,,
,,8004,173,13067,6177,,,,,
,,8296,211,15533,7150,,,,,
,,8685,220,16290,7150,,,,,
,,8077,189,15132,6073,,,,,
,,7708,150,12293,5950,,,,,
,,5360,127,8981,4290,,,,,
,,3680,71,7313,3350,,,,,
,,2745,41,5292,2246,,,,,
,,2260,30,4147,1785,,,,,
,,1379,27,2324,1239,,,,,
,,1364,69,3311,996,,,,,
,,4390,152,8579,2776,,,,,
,,15053,585,25586,9270,,,,,
,,31341,953,43083,16592,,,,,
,,22125,559,28847,11324,,,,,
,,13060,394,18923,7467,,,,,
,,12018,315,17105,6720,,,,,
,,14977,343,19400,7442,,,,,
,,15140,301,21060,8184,,,,,
,,14646,308,20329,7703,,,,,
,,15565,325,22506,8135,,,,,
,,21576,436,30717,10150,,,,,
,,33801,643,41747,12992,,,,,
,,33063,391,35756,11459,,,,,
,,23422,257,24721,9003,,,,,
,,11727,186,13538,5436,,,,,
,,6037,107,8193,3259,,,,,
,,3713,62,5702,2245,,,,,
,,3050,48,4586,1889,,,,,
,,1043,15,1615,860,,,,,
,,1390,54,3548,1217,,,,,
,,4205,169,8493,2654,,,,,
